File Name,ok/nok,Modification Date,Dates et heures A1, Reference porteur,Reference flex,Part number 101,Batch number 101,Part number 102,Batch number 102,Part number 103,Batch number 103,Part number 201,Batch number 201,Part number 202,Batch number 202,Part number 203,Batch number 203,Part number LV,Batch number LV,Part number HV,Batch number HV,Dates et heures B1,Soudage 1.1,Soudage 1.2,Soudage 2.1,Soudage 2.2,Soudage 3.1,Soudage 3.2,Soudage 4.1,Soudage 4.2,Soudage 5.1,Soudage 5.2,Soudage 6.1,Soudage 6.2,Soudage 7.1,Soudage 7.2,Soudage 8.1,Soudage 8.2,Soudage 9.1,Soudage 9.2,Dates et heures A11,A11,Dates et heures B2,Collage,B3 dates et heures,Pressage,Dates et heures A21,Test 1,A22 dates et heures,Test 2
ELV036257-4023035.TXT,0221123-0021.txt,2023-11-14,2023/11/14 14:07:37,03,AB12221-603-0H-ELV036257-4023035,PAB12221-101-3A,H202306070023,PAB12221-102-3A,H202303300028,PAB12221-103-3A,H202305050034,PAB12221-201-3A,H202305170014,PAB12221-202-3A,H202305170015,PAB12221-203-3A,H202305170016,PAB12221-311-3A,HN23001-002,N/O,N/O,2023/11/14 14:19:25,OK,OK,OK,OK,OK,OK,OK,OK,OK,OK,OK,OK,OK,OK,OK,OK,OK,OK,2023/11/14 14:23:04,OK,2023/11/14 14:27:16,OK,2023/11/14 14:27:39,OK,yyyy:mm:dd hh:mm:ss,OK,2023/11/14 14:40:00,OK
ELV036257-4023096.TXT,0221123-0023.txt,2023-11-23,2023/11/23 12:54:39,06,AB12221-603-0H-ELV036257-4023096,PAB12221-101-3A,H202310230019,PAB12221-102-3A,H202303300028,PAB12221-103-3A,H202305050034,PAB12221-201-3A,H202305170014,PAB12221-202-3A,H202305170015,PAB12221-203-3A,H202305170016,PAB12221-311-3A,HN23001-002,N/O,N/O,2023/11/23 12:55:21,OK,OK,OK,OK,OK,OK,OK,OK,OK,OK,OK,OK,OK,OK,OK,OK,OK,OK,2023/11/23 13:02:32,OK,2023/11/23 13:08:31,OK,2023/11/23 13:09:52,OK,2023/11/23 13:25:11,OK,2023/11/23 13:28:00,OK
ELV036257-4023097.TXT,0221123-0026.txt,2023-11-23,2023/11/23 11:22:13,05,AB12221-603-0H-ELV036257-4023097,PAB12221-101-3A,H202310230019,PAB12221-102-3A,H202303300028,PAB12221-103-3A,H202305050034,PAB12221-201-3A,H202305170014,PAB12221-202-3A,H202305170015,PAB12221-203-3A,H202305170016,PAB12221-311-3A,HN23001-002,N/O,N/O,2023/11/23 11:22:56,OK,OK,OK,OK,OK,OK,OK,OK,OK,OK,OK,OK,OK,OK,OK,OK,OK,OK,2023/11/23 11:27:09,OK,2023/11/23 11:35:42,OK,2023/11/23 11:36:04,OK,2023/11/23 12:51:21,OK,2023/11/23 12:53:07,OK
ELV036257-4023131.TXT,0221123-0028.txt,2023-11-23,2023/11/23 13:11:24,03,AB12221-603-0H-ELV036257-4023131,PAB12221-101-3A,H202310230019,PAB12221-102-3A,H202303300028,PAB12221-103-3A,H202305050034,PAB12221-201-3A,H202305170014,PAB12221-202-3A,H202305170015,PAB12221-203-3A,H202305170016,PAB12221-311-3A,HN23001-002,N/O,N/O,2023/11/23 13:12:06,OK,OK,OK,OK,OK,OK,OK,OK,OK,OK,OK,OK,OK,OK,OK,OK,OK,OK,2023/11/23 13:16:58,OK,2023/11/23 13:18:36,OK,2023/11/23 13:18:57,OK,2023/11/23 13:37:53,OK,2023/11/23 13:38:28,OK
ELV036257-4023129.TXT,0221123-0029.txt,2023-11-23,2023/11/23 12:49:07,05,AB12221-603-0H-ELV036257-4023129,PAB12221-101-3A,H202310230019,PAB12221-102-3A,H202303300028,PAB12221-103-3A,H202305050034,PAB12221-201-3A,H202305170014,PAB12221-202-3A,H202305170015,PAB12221-203-3A,H202305170016,PAB12221-311-3A,HN23001-002,N/O,N/O,2023/11/23 12:49:56,OK,OK,OK,OK,OK,OK,OK,OK,OK,OK,OK,OK,OK,OK,OK,OK,OK,OK,2023/11/23 13:02:03,OK,2023/11/23 13:06:27,OK,2023/11/23 13:06:50,OK,2023/11/23 13:20:22,OK,2023/11/23 13:25:11,OK
ELV036257-4023102.TXT,0221123-0030.txt,2023-11-23,2023/11/22 14:39:24,07,AB12221-603-0H-ELV036257-4023102,PAB12221-101-3A,H202310230019,PAB12221-102-3A,H202303300028,PAB12221-103-3A,H202305050034,PAB12221-201-3A,H202305170014,PAB12221-202-3A,H202305170015,PAB12221-203-3A,H202305170016,PAB12221-311-3A,HN23001-002,N/O,N/O,2023/11/22 14:42:27,OK,OK,OK,OK,OK,OK,OK,OK,OK,OK,OK,OK,OK,OK,OK,OK,OK,OK,2023/11/22 14:46:14,OK,2023/11/22 14:49:13,OK,2023/11/22 14:50:31,OK,2023/11/22 15:03:08,OK,2023/11/22 15:03:53,OK
ELV036257-4023098.TXT,0221123-0031.txt,2023-11-23,2023/11/23 11:23:27,06,AB12221-603-0H-ELV036257-4023098,PAB12221-101-3A,H202310230019,PAB12221-102-3A,H202303300028,PAB12221-103-3A,H202305050034,PAB12221-201-3A,H202305170014,PAB12221-202-3A,H202305170015,PAB12221-203-3A,H202305170016,PAB12221-311-3A,HN23001-002,N/O,N/O,2023/11/23 11:26:21,OK,OK,OK,OK,OK,OK,OK,OK,OK,OK,OK,OK,OK,OK,OK,OK,OK,OK,2023/11/23 11:31:53,OK,2023/11/23 11:37:44,OK,2023/11/23 11:39:05,OK,2023/11/23 12:53:07,OK,2023/11/23 12:55:33,OK
ELV036257-4023091.TXT,0221123-0032.txt,2023-11-23,2023/11/23 11:39:36,03,AB12221-603-0H-ELV036257-4023091,PAB12221-101-3A,H202310230019,PAB12221-102-3A,H202303300028,PAB12221-103-3A,H202305050034,PAB12221-201-3A,H202305170014,PAB12221-202-3A,H202305170015,PAB12221-203-3A,H202305170016,PAB12221-311-3A,HN23001-002,N/O,N/O,2023/11/23 11:40:18,OK,OK,OK,OK,OK,OK,OK,OK,OK,OK,OK,OK,OK,OK,OK,OK,OK,OK,2023/11/23 12:37:54,OK,2023/11/23 12:42:10,OK,2023/11/23 12:42:32,OK,2023/11/23 13:02:51,OK,2023/11/23 13:03:36,OK
ELV036257-4023095.TXT,0221123-0033.txt,2023-11-23,2023/11/23 12:37:09,01,AB12221-603-0H-ELV036257-4023095,PAB12221-101-3A,H202310230019,PAB12221-102-3A,H202303300028,PAB12221-103-3A,H202305050034,PAB12221-201-3A,H202305170014,PAB12221-202-3A,H202305170015,PAB12221-203-3A,H202305170016,PAB12221-311-3A,HN23001-002,N/O,N/O,2023/11/23 12:37:51,OK,OK,OK,OK,OK,OK,OK,OK,OK,OK,OK,OK,OK,OK,OK,OK,OK,OK,2023/11/23 12:41:44,OK,2023/11/23 12:47:14,OK,2023/11/23 12:50:15,OK,2023/11/23 13:17:56,OK,2023/11/23 13:20:22,OK
ELV036257-4023109.TXT,0221123-0034.txt,2023-11-23,2023/11/23 13:32:08,02,AB12221-603-0H-ELV036257-4023109,PAB12221-101-3A,H202310230019,PAB12221-102-3A,H202303300028,PAB12221-103-3A,H202305050034,PAB12221-201-3A,H202305170014,PAB12221-202-3A,H202305170015,PAB12221-203-3A,H202305170016,PAB12221-311-3A,HN23001-002,N/O,N/O,2023/11/23 13:32:50,OK,OK,OK,OK,OK,OK,OK,OK,OK,OK,OK,OK,OK,OK,OK,OK,OK,OK,2023/11/23 13:36:52,OK,2023/11/23 13:38:29,OK,2023/11/23 13:38:50,OK,2023/11/23 13:50:04,OK,2023/11/23 13:52:09,OK
ELV036257-4023085.TXT,0221123-0035.txt,2023-11-22,2023/11/22 14:27:41,02,AB12221-603-0H-ELV036257-4023085,PAB12221-101-3A,H202310230019,PAB12221-102-3A,H202303300028,PAB12221-103-3A,H202305050034,PAB12221-201-3A,H202305170014,PAB12221-202-3A,H202305170015,PAB12221-203-3A,H202305170016,PAB12221-311-3A,HN23001-002,N/O,N/O,2023/11/22 14:29:03,OK,OK,OK,OK,OK,OK,OK,OK,OK,OK,OK,OK,OK,OK,OK,OK,OK,OK,2023/11/22 14:34:28,OK,2023/11/22 14:39:48,OK,2023/11/22 14:41:36,OK,2023/11/22 14:57:11,OK,2023/11/22 15:00:52,OK
ELV036257-4023144.TXT,0221123-0036.txt,2023-11-22,2023/11/22 13:22:56,02,AB12221-603-0H-ELV036257-4023144,PAB12221-101-3A,H202310230019,PAB12221-102-3A,H202303300028,PAB12221-103-3A,H202305050034,PAB12221-201-3A,H202305170014,PAB12221-202-3A,H202305170015,PAB12221-203-3A,H202305170016,PAB12221-311-3A,HN23001-002,N/O,N/O,2023/11/22 13:23:43,OK,OK,OK,OK,OK,OK,OK,OK,OK,OK,OK,OK,OK,OK,OK,OK,OK,OK,2023/11/22 13:27:23,OK,2023/11/22 13:30:27,OK,2023/11/22 13:31:48,OK,2023/11/22 14:44:03,OK,2023/11/22 14:47:42,OK
ELV036257-4023121.TXT,0221123-0038.txt,2023-11-24,2023/11/22 13:32:59,07,AB12221-603-0H-ELV036257-4023121,PAB12221-101-3A,H202310230019,PAB12221-102-3A,H202303300028,PAB12221-103-3A,H202305050034,PAB12221-201-3A,H202305170014,PAB12221-202-3A,H202305170015,PAB12221-203-3A,H202305170016,PAB12221-311-3A,HN23001-002,N/O,N/O,2023/11/22 13:34:06,OK,OK,OK,OK,OK,OK,OK,OK,OK,OK,OK,OK,OK,OK,OK,OK,OK,OK,2023/11/22 13:38:06,OK,2023/11/22 13:44:40,OK,2023/11/22 13:46:02,OK,2023/11/22 14:42:05,OK,2023/11/22 14:44:03,OK
ELV036257-4023094.TXT,0221123-0039.txt,2023-11-22,2023/11/22 14:21:30,06,AB12221-603-0H-ELV036257-4023094,PAB12221-101-3A,H202310230019,PAB12221-102-3A,H202303300028,PAB12221-103-3A,H202305050034,PAB12221-201-3A,H202305170014,PAB12221-202-3A,H202305170015,PAB12221-203-3A,H202305170016,PAB12221-311-3A,HN23001-002,N/O,N/O,2023/11/22 14:22:13,OK,OK,OK,OK,OK,OK,OK,OK,OK,OK,OK,OK,OK,OK,OK,OK,OK,OK,2023/11/22 14:28:06,OK,2023/11/22 14:35:15,OK,2023/11/22 14:35:37,OK,2023/11/22 14:50:17,OK,2023/11/22 14:53:39,OK
ELV036257-4023120.TXT,0221123-0040.txt,2023-11-22,2023/11/22 13:19:36,01,AB12221-603-0H-ELV036257-4023120,PAB12221-101-3A,H202310230019,PAB12221-102-3A,H202303300028,PAB12221-103-3A,H202305050034,PAB12221-201-3A,H202305170014,PAB12221-202-3A,H202305170015,PAB12221-203-3A,H202305170016,PAB12221-311-3A,HN23001-002,N/O,N/O,2023/11/22 13:20:19,OK,OK,OK,OK,OK,OK,OK,OK,OK,OK,OK,OK,OK,OK,OK,OK,OK,OK,2023/11/22 13:23:49,OK,2023/11/22 13:28:24,OK,2023/11/22 13:28:46,OK,2023/11/22 14:47:42,OK,2023/11/22 14:50:17,OK
ELV036257-4023093.TXT,0221123-0041.txt,2023-11-22,2023/11/22 14:24:56,04,AB12221-603-0H-ELV036257-4023093,PAB12221-101-3A,H202310230019,PAB12221-102-3A,H202303300028,PAB12221-103-3A,H202305050034,PAB12221-201-3A,H202305170014,PAB12221-202-3A,H202305170015,PAB12221-203-3A,H202305170016,PAB12221-311-3A,HN23001-002,N/O,N/O,2023/11/22 14:25:38,OK,OK,OK,OK,OK,OK,OK,OK,OK,OK,OK,OK,OK,OK,OK,OK,OK,OK,2023/11/22 14:31:23,OK,2023/11/22 14:36:47,OK,2023/11/22 14:38:38,OK,2023/11/22 14:53:39,OK,2023/11/22 14:57:11,OK
ELV036257-4023123.TXT,0221123-0042.txt,2023-11-22,2023/11/22 13:29:59,03,AB12221-603-0H-ELV036257-4023123,PAB12221-101-3A,H202310230019,PAB12221-102-3A,H202303300028,PAB12221-103-3A,H202305050034,PAB12221-201-3A,H202305170014,PAB12221-202-3A,H202305170015,PAB12221-203-3A,H202305170016,PAB12221-311-3A,HN23001-002,N/O,N/O,2023/11/22 13:30:41,OK,OK,OK,OK,OK,OK,OK,OK,OK,OK,OK,OK,OK,OK,OK,OK,OK,OK,2023/11/22 13:35:28,OK,2023/11/22 13:41:50,OK,2023/11/22 13:42:59,OK,2023/11/22 14:40:15,OK,2023/11/22 14:42:05,OK
ELV036257-4023089.TXT,0221123-0044.txt,2023-11-27,2023/11/27 13:54:53,07,AB12221-603-0H-ELV036257-4023089,PAB12221-101-3A,H202310230019,PAB12221-102-3A,H202303300028,PAB12221-103-3A,H202305050034,PAB12221-201-3A,H202305170014,PAB12221-202-3A,H202305170015,PAB12221-203-3A,H202305170016,PAB12221-311-3A,HN23001-002,N/O,N/O,2023/11/27 13:57:34,OK,OK,OK,OK,OK,OK,OK,OK,OK,OK,OK,OK,OK,OK,OK,OK,OK,OK,2023/11/27 14:01:28,OK,2023/11/27 14:03:05,OK,2023/11/27 14:03:27,OK,2023/11/27 14:47:17,OK,2023/11/27 14:48:43,OK
ELV036257-4023106.TXT,0221123-0046.txt,2023-11-28,2023/11/27 14:07:58,55,AB12221-603-0H-ELV036257-4023106,PAB12221-101-3A,H202310230019,PAB12221-102-3A,H202303300028,PAB12221-103-3A,H202305050034,PAB12221-201-3A,H202305170014,PAB12221-202-3A,H202305170015,PAB12221-203-3A,H202305170016,PAB12221-311-3A,HN23001-002,N/O,N/O,2023/11/27 14:08:41,OK,OK,OK,OK,OK,OK,OK,OK,OK,OK,OK,OK,OK,OK,OK,OK,OK,OK,2023/11/27 14:12:12,OK,2023/11/27 14:18:26,OK,2023/11/27 14:19:48,OK,2023/11/28 07:38:28,OK,2023/11/28 07:39:06,OK
ELV036257-4023130.TXT,0221123-0047.txt,2023-11-28,2023/11/27 14:40:58,07,AB12221-603-0H-ELV036257-4023130,PAB12221-101-3A,H202310230019,PAB12221-102-3A,H202303300028,PAB12221-103-3A,H202305050034,PAB12221-201-3A,H202305170014,PAB12221-202-3A,H202305170015,PAB12221-203-3A,H202305170016,PAB12221-311-3A,HN23001-002,N/O,N/O,2023/11/27 14:42:08,OK,OK,OK,OK,OK,OK,OK,OK,OK,OK,OK,OK,OK,OK,OK,OK,OK,OK,2023/11/27 15:14:41,OK,2023/11/27 15:18:02,OK,2023/11/27 15:19:25,OK,2023/11/28 07:41:01,OK,2023/11/28 07:41:44,OK
ELV036257-4023133.TXT,0221123-0048.txt,2023-11-28,2023/11/27 14:10:48,06,AB12221-603-0H-ELV036257-4023133,PAB12221-101-3A,H202310230019,PAB12221-102-3A,H202303300028,PAB12221-103-3A,H202305050034,PAB12221-201-3A,H202305170014,PAB12221-202-3A,H202305170015,PAB12221-203-3A,H202305170016,PAB12221-311-3A,HN23001-002,N/O,N/O,2023/11/27 14:12:05,OK,OK,OK,OK,OK,OK,OK,OK,OK,OK,OK,OK,OK,OK,OK,OK,OK,OK,2023/11/27 14:15:44,OK,2023/11/27 14:20:57,OK,2023/11/27 14:22:44,OK,2023/11/28 07:43:43,OK,2023/11/28 07:44:20,OK
ELV036257-4023159.TXT,0221123-0053.txt,2023-12-01,2023/12/01 07:22:20,07,AB12221-603-0H-ELV036257-4023159,PAB12221-101-6A,H202310230029,PAB12221-102-6A,H202310300038,PAB12221-103-6A,H202311133024,PAB12221-201-5A,H0003715581,PAB12221-202-6A,H0003714866,PAB12221-203-7A,H0003718808,PAB12221-311-6A,H0002023112,N/O,N/O,2023/12/01 07:23:01,OK,OK,OK,OK,OK,OK,OK,OK,OK,OK,OK,OK,OK,OK,OK,OK,OK,OK,2023/12/01 07:26:39,OK,2023/12/01 07:28:16,OK,2023/12/01 07:28:39,OK,2023/12/01 08:18:25,OK,2023/12/01 08:18:58,OK
ELV036257-4023154.TXT,0221123-0054.txt,2023-12-01,2023/12/01 07:31:12,02,AB12221-603-0H-ELV036257-4023154,PAB12221-101-6A,H202310230029,PAB12221-102-6A,H202310300038,PAB12221-103-6A,H202311133024,PAB12221-201-5A,H0003715581,PAB12221-202-6A,H0003714866,PAB12221-203-7A,H0003718808,PAB12221-311-6A,H0002023112,N/O,N/O,2023/12/01 07:31:53,OK,OK,OK,OK,OK,OK,OK,OK,OK,OK,OK,OK,OK,OK,OK,OK,OK,OK,2023/12/01 07:35:22,OK,2023/12/01 07:38:03,OK,2023/12/01 07:39:50,OK,2023/12/01 08:28:52,OK,2023/12/01 08:30:18,OK
ELV036257-4023163.TXT,0221123-0056.txt,2023-12-01,2023/12/01 07:51:51,04,AB12221-603-0H-ELV036257-4023163,PAB12221-101-6A,H202310230029,PAB12221-102-6A,H202310300038,PAB12221-103-6A,H202311133024,PAB12221-201-5A,H0003715581,PAB12221-202-6A,H0003714866,PAB12221-203-7A,H0003718808,PAB12221-311-6A,H0002023112,N/O,N/O,2023/12/01 07:53:29,OK,OK,OK,OK,OK,OK,OK,OK,OK,OK,OK,OK,OK,OK,OK,OK,OK,OK,2023/12/01 07:59:33,OK,2023/12/01 08:15:32,OK,2023/12/01 08:15:53,OK,2023/12/01 10:10:33,OK,2023/12/01 10:12:11,OK
ELV036257-4023156.TXT,0221123-0057.txt,2023-12-01,2023/12/01 07:40:12,07,AB12221-603-0H-ELV036257-4023156,PAB12221-101-6A,H202310230029,PAB12221-102-6A,H202310300038,PAB12221-103-6A,H202311133024,PAB12221-201-5A,H0003715581,PAB12221-202-6A,H0003714866,PAB12221-203-7A,H0003718808,PAB12221-311-6A,H0002023112,N/O,N/O,2023/12/01 07:41:29,OK,OK,OK,OK,OK,OK,OK,OK,OK,OK,OK,OK,OK,OK,OK,OK,OK,OK,2023/12/01 07:45:10,OK,2023/12/01 07:51:16,OK,2023/12/01 07:52:38,OK,2023/12/01 10:15:40,OK,2023/12/01 10:16:51,OK
ELV036257-4023135.TXT,0221123-0058.txt,2023-12-01,2023/12/01 08:17:18,02,AB12221-603-0H-ELV036257-4023135,PAB12221-101-6A,H202310230029,PAB12221-102-6A,H202310300038,PAB12221-103-6A,H202311133024,PAB12221-201-5A,H0003715581,PAB12221-202-6A,H0003714866,PAB12221-203-7A,H0003718808,PAB12221-311-6A,H0002023112,N/O,N/O,2023/12/01 08:17:59,OK,OK,OK,OK,OK,OK,OK,OK,OK,OK,OK,OK,OK,OK,OK,OK,OK,OK,2023/12/01 08:27:41,OK,2023/12/01 08:32:26,OK,2023/12/01 08:32:49,OK,2023/12/01 10:25:51,OK,2023/12/01 10:30:06,OK
ELV036257-4023138.TXT,0221123-0059.txt,2023-12-01,2023/12/01 08:24:00,06,AB12221-603-0H-ELV036257-4023138,PAB12221-101-6A,H202310230029,PAB12221-102-6A,H202310300038,PAB12221-103-6A,H202311133024,PAB12221-201-5A,H0003715581,PAB12221-202-6A,H0003714866,PAB12221-203-7A,H0003718808,PAB12221-311-6A,H0002023112,N/O,N/O,2023/12/01 08:24:42,OK,OK,OK,OK,OK,OK,OK,OK,OK,OK,OK,OK,OK,OK,OK,OK,OK,OK,2023/12/01 08:28:18,OK,2023/12/01 08:34:29,OK,2023/12/01 08:35:51,OK,2023/12/01 10:30:06,OK,2023/12/01 10:31:01,OK
ELV036257-4023137.TXT,0221123-0060.txt,2023-12-01,2023/12/01 08:27:24,07,AB12221-603-0H-ELV036257-4023137,PAB12221-101-6A,H202310230029,PAB12221-102-6A,H202310300038,PAB12221-103-6A,H202311133024,PAB12221-201-5A,H0003715581,PAB12221-202-6A,H0003714866,PAB12221-203-7A,H0003718808,PAB12221-311-6A,H0002023112,N/O,N/O,2023/12/01 08:28:07,OK,OK,OK,OK,OK,OK,OK,OK,OK,OK,OK,OK,OK,OK,OK,OK,OK,OK,2023/12/01 08:31:52,OK,2023/12/01 08:37:31,OK,2023/12/01 08:38:46,OK,2023/12/01 10:40:55,OK,2023/12/01 10:41:29,OK
ELV036257-4023168.TXT,0221123-0061.txt,2023-12-01,2023/12/01 10:30:47,03,AB12221-603-0H-ELV036257-4023168,PAB12221-101-6A,H202310230029,PAB12221-102-6A,H202310300038,PAB12221-103-6A,H202311133024,PAB12221-201-5A,H0003715581,PAB12221-202-6A,H0003714866,PAB12221-203-7A,H0003718808,PAB12221-311-6A,H0002023112,N/O,N/O,2023/12/01 10:31:29,OK,OK,OK,OK,OK,OK,OK,OK,OK,OK,OK,OK,OK,OK,OK,OK,OK,OK,2023/12/01 10:37:09,OK,2023/12/01 10:43:12,OK,2023/12/01 10:43:34,OK,2023/12/01 10:54:41,OK,2023/12/01 10:56:05,OK
ELV036257-4023169.TXT,0221123-0062.txt,2023-12-01,2023/12/01 10:36:32,04,AB12221-603-0H-ELV036257-4023169,PAB12221-101-6A,H202310230029,PAB12221-102-6A,H202310300038,PAB12221-103-6A,H202311133024,PAB12221-201-5A,H0003715581,PAB12221-202-6A,H0003714866,PAB12221-203-7A,H0003718808,PAB12221-311-6A,H0002023112,N/O,N/O,2023/12/01 10:37:14,OK,OK,OK,OK,OK,OK,OK,OK,OK,OK,OK,OK,OK,OK,OK,OK,OK,OK,2023/12/01 10:42:43,OK,2023/12/01 10:46:40,OK,2023/12/01 10:47:03,OK,2023/12/01 11:06:26,OK,2023/12/01 11:07:28,OK
ELV036257-4023165.TXT,0221123-0063.txt,2023-12-01,2023/12/01 10:39:58,01,AB12221-603-0H-ELV036257-4023165,PAB12221-101-6A,H202310230029,PAB12221-102-6A,H202310300038,PAB12221-103-6A,H202311133024,PAB12221-201-5A,H0003715581,PAB12221-202-6A,H0003714866,PAB12221-203-7A,H0003718808,PAB12221-311-6A,H0002023112,N/O,N/O,2023/12/01 10:42:21,OK,OK,OK,OK,OK,OK,OK,OK,OK,OK,OK,OK,OK,OK,OK,OK,OK,OK,2023/12/01 10:45:58,OK,2023/12/01 10:50:12,OK,2023/12/01 10:50:34,OK,2023/12/01 11:10:17,OK,2023/12/01 11:13:09,OK
ELV036257-4023164.TXT,0221123-0064.txt,2023-12-01,2023/12/01 10:44:20,07,AB12221-603-0H-ELV036257-4023164,PAB12221-101-6A,H202310230029,PAB12221-102-6A,H202310300038,PAB12221-103-6A,H202311133024,PAB12221-201-5A,H0003715581,PAB12221-202-6A,H0003714866,PAB12221-203-7A,H0003718808,PAB12221-311-6A,H0002023112,N/O,N/O,2023/12/01 10:45:53,OK,OK,OK,OK,OK,OK,OK,OK,OK,OK,OK,OK,OK,OK,OK,OK,OK,OK,2023/12/01 10:49:33,OK,2023/12/01 10:53:43,OK,2023/12/01 10:54:07,OK,2023/12/01 11:13:09,OK,2023/12/01 11:15:32,OK
ELV036257-4023171.TXT,0221123-0065.txt,2023-12-01,2023/12/01 10:47:54,02,AB12221-603-0H-ELV036257-4023171,PAB12221-101-6A,H202310230029,PAB12221-102-6A,H202310300038,PAB12221-103-6A,H202311133024,PAB12221-201-5A,H0003715581,PAB12221-202-6A,H0003714866,PAB12221-203-7A,H0003718808,PAB12221-311-6A,H0002023112,N/O,N/O,2023/12/01 10:49:25,OK,OK,OK,OK,OK,OK,OK,OK,OK,OK,OK,OK,OK,OK,OK,OK,OK,OK,2023/12/01 10:53:05,OK,2023/12/01 10:57:22,OK,2023/12/01 10:57:44,OK,2023/12/01 11:15:32,OK,2023/12/01 11:16:48,OK
ELV036257-4023198.TXT,0221123-0066.txt,2023-12-01,2023/12/01 10:52:21,06,AB12221-603-0H-ELV036257-4023198,PAB12221-101-6A,H202310230029,PAB12221-102-6A,H202310300038,PAB12221-103-6A,H202311133024,PAB12221-201-5A,H0003715581,PAB12221-202-6A,H0003714866,PAB12221-203-7A,H0003718808,PAB12221-311-6A,H0002023112,N/O,N/O,2023/12/01 10:53:03,OK,OK,OK,OK,OK,OK,OK,OK,OK,OK,OK,OK,OK,OK,OK,OK,OK,OK,2023/12/01 10:57:30,OK,2023/12/01 11:01:59,OK,2023/12/01 11:02:21,OK,2023/12/01 11:19:37,OK,2023/12/01 11:22:08,OK
ELV036257-4023195.TXT,0221123-0067.txt,2023-12-01,2023/12/01 10:56:58,03,AB12221-603-0H-ELV036257-4023195,PAB12221-101-6A,H202310230029,PAB12221-102-6A,H202310300038,PAB12221-103-6A,H202311133024,PAB12221-201-5A,H0003715581,PAB12221-202-6A,H0003714866,PAB12221-203-7A,H0003718808,PAB12221-311-6A,H0002023112,N/O,N/O,2023/12/01 10:57:40,OK,OK,OK,OK,OK,OK,OK,OK,OK,OK,OK,OK,OK,OK,OK,OK,OK,OK,2023/12/01 11:03:45,OK,2023/12/01 11:08:12,OK,2023/12/01 11:08:35,OK,2023/12/01 11:24:19,OK,2023/12/01 11:25:30,OK
ELV036257-4023197.TXT,0221123-0068.txt,2023-12-01,2023/12/01 11:07:53,01,AB12221-603-0H-ELV036257-4023197,PAB12221-101-6A,H202310230029,PAB12221-102-6A,H202310300038,PAB12221-103-6A,H202311133024,PAB12221-201-5A,H0003715581,PAB12221-202-6A,H0003714866,PAB12221-203-7A,H0003718808,PAB12221-311-6A,H0002023112,N/O,N/O,2023/12/01 11:08:36,OK,OK,OK,OK,OK,OK,OK,OK,OK,OK,OK,OK,OK,OK,OK,OK,OK,OK,2023/12/01 11:15:14,OK,2023/12/01 11:19:37,OK,2023/12/01 11:19:59,OK,2023/12/01 11:37:42,OK,2023/12/01 12:23:43,OK
ELV036257-4023173.TXT,0221123-0069.txt,2023-12-01,2023/12/01 11:14:36,02,AB12221-603-0H-ELV036257-4023173,PAB12221-101-6A,H202310230029,PAB12221-102-6A,H202310300038,PAB12221-103-6A,H202311133024,PAB12221-201-5A,H0003715581,PAB12221-202-6A,H0003714866,PAB12221-203-7A,H0003718808,PAB12221-311-6A,H0002023112,N/O,N/O,2023/12/01 11:15:18,OK,OK,OK,OK,OK,OK,OK,OK,OK,OK,OK,OK,OK,OK,OK,OK,OK,OK,2023/12/01 11:20:47,OK,2023/12/01 11:25:14,OK,2023/12/01 11:25:36,OK,2023/12/01 12:23:43,OK,2023/12/01 12:26:06,OK
ELV036257-4023161.TXT,0221123-0071.txt,2023-12-01,2023/12/01 11:29:35,07,AB12221-603-0H-ELV036257-4023161,PAB12221-101-6A,H202310230029,PAB12221-102-6A,H202310300038,PAB12221-103-6A,H202311133024,PAB12221-201-5A,H0003715581,PAB12221-202-6A,H0003714866,PAB12221-203-7A,H0003718808,PAB12221-311-6A,H0002023112,N/O,N/O,2023/12/01 11:30:16,OK,OK,OK,OK,OK,OK,OK,OK,OK,OK,OK,OK,OK,OK,OK,OK,OK,OK,2023/12/01 11:38:11,OK,2023/12/01 11:42:33,OK,2023/12/01 11:42:55,OK,2023/12/01 12:42:16,OK,2023/12/01 12:43:06,OK
ELV036257-4023166.TXT,0221123-0073.txt,2023-12-01,2023/12/01 12:32:00,04,AB12221-603-0H-ELV036257-4023166,PAB12221-101-6A,H202310230029,PAB12221-102-6A,H202310300038,PAB12221-103-6A,H202311133024,PAB12221-201-5A,H0003715581,PAB12221-202-6A,H0003714866,PAB12221-203-7A,H0003718808,PAB12221-311-6A,H0002023112,N/O,N/O,2023/12/01 12:32:49,OK,OK,OK,OK,OK,OK,OK,OK,OK,OK,OK,OK,OK,OK,OK,OK,OK,OK,2023/12/01 12:37:43,OK,2023/12/01 12:42:05,OK,2023/12/01 12:42:27,OK,2023/12/01 12:59:52,OK,2023/12/01 13:02:26,OK
ELV036257-4023160.TXT,0221123-0074.txt,2023-12-01,2023/12/01 12:28:35,02,AB12221-603-0H-ELV036257-4023160,PAB12221-101-6A,H202310230029,PAB12221-102-6A,H202310300038,PAB12221-103-6A,H202311133024,PAB12221-201-5A,H0003715581,PAB12221-202-6A,H0003714866,PAB12221-203-7A,H0003718808,PAB12221-311-6A,H0002023112,N/O,N/O,2023/12/01 12:29:17,OK,OK,OK,OK,OK,OK,OK,OK,OK,OK,OK,OK,OK,OK,OK,OK,OK,OK,2023/12/01 12:32:56,OK,2023/12/01 12:37:07,OK,2023/12/01 12:37:30,OK,2023/12/01 13:02:26,OK,2023/12/01 13:03:49,OK
ELV036257-4023196.TXT,0221123-0075.txt,2023-12-01,2023/12/01 12:37:04,06,AB12221-603-0H-ELV036257-4023196,PAB12221-101-6A,H202310230029,PAB12221-102-6A,H202310300038,PAB12221-103-6A,H202311133024,PAB12221-201-5A,H0003715581,PAB12221-202-6A,H0003714866,PAB12221-203-7A,H0003718808,PAB12221-311-6A,H0002023112,N/O,N/O,2023/12/01 12:37:46,OK,OK,OK,OK,OK,OK,OK,OK,OK,OK,OK,OK,OK,OK,OK,OK,OK,OK,2023/12/01 12:42:21,OK,2023/12/01 12:46:50,OK,2023/12/01 12:47:13,OK,2023/12/01 13:06:43,OK,2023/12/01 13:07:24,OK
ELV036263-4023002.TXT,0221123-0076.txt,2023-12-01,2023/12/01 12:41:49,03,AB12221-603-0H-ELV036263-4023002,PAB12221-101-6A,H202310230029,PAB12221-102-6A,H202310300038,PAB12221-103-6A,H202311133024,PAB12221-201-5A,H0003715581,PAB12221-202-6A,H0003714866,PAB12221-203-7A,H0003718808,PAB12221-311-6A,H0002023112,N/O,N/O,2023/12/01 12:42:31,OK,OK,OK,OK,OK,OK,OK,OK,OK,OK,OK,OK,OK,OK,OK,OK,OK,OK,2023/12/01 12:46:48,OK,2023/12/01 12:51:16,OK,2023/12/01 12:51:39,OK,2023/12/01 13:12:28,OK,2023/12/01 13:15:48,OK
ELV036263-4023001.TXT,0221123-0077.txt,2023-12-01,2023/12/01 12:46:16,07,AB12221-603-0H-ELV036263-4023001,PAB12221-101-6A,H202310230029,PAB12221-102-6A,H202310300038,PAB12221-103-6A,H202311133024,PAB12221-201-5A,H0003715581,PAB12221-202-6A,H0003714866,PAB12221-203-7A,H0003718808,PAB12221-311-6A,H0002023112,N/O,N/O,2023/12/01 12:46:58,OK,OK,OK,OK,OK,OK,OK,OK,OK,OK,OK,OK,OK,OK,OK,OK,OK,OK,2023/12/01 12:54:25,OK,2023/12/01 12:58:44,OK,2023/12/01 12:59:07,OK,2023/12/01 13:15:48,OK,2023/12/01 13:19:54,OK
ELV036274-4223001.TXT,0221123-0078.txt,2023-12-01,2023/12/01 13:01:42,04,AB12221-603-0H-ELV036274-4223001,PAB12221-101-6A,H202310230029,PAB12221-102-6A,H202310300038,PAB12221-103-6A,H202311133024,PAB12221-201-5A,H0003715581,PAB12221-202-6A,H0003714866,PAB12221-203-7A,H0003718808,PAB12221-311-6A,H0002023112,N/O,N/O,2023/12/01 13:02:24,OK,OK,OK,OK,OK,OK,OK,OK,OK,OK,OK,OK,OK,OK,OK,OK,OK,OK,2023/12/01 13:06:42,OK,2023/12/01 13:09:36,OK,2023/12/01 13:10:03,OK,2023/12/01 13:22:50,OK,2023/12/01 13:23:29,OK
ELV036274-4223005.TXT,0221123-0080.txt,2023-12-04,2023/12/04 08:36:38,03,AB12221-603-0H-ELV036274-4223005,PAB12221-101-6A,H202310230029,PAB12221-102-6A,H202310300038,PAB12221-103-6A,H202311133024,PAB12221-201-5A,H0003715581,PAB12221-202-6A,H0003714866,PAB12221-203-7A,H0003718808,PAB12221-311-6A,H0002023112,N/O,N/O,2023/12/04 08:37:20,OK,OK,OK,OK,OK,OK,OK,OK,OK,OK,OK,OK,OK,OK,OK,OK,OK,OK,2023/12/04 08:40:45,OK,2023/12/04 08:42:22,OK,2023/12/04 08:42:43,OK,2023/12/04 08:56:56,OK,2023/12/04 08:57:30,OK
ELV036274-4223006.TXT,0221123-0084.txt,2023-12-05,2023/12/05 07:38:38,07,AB12221-603-0H-ELV036274-4223006,PAB12221-101-6A,H202310230029,PAB12221-102-6A,H202310300038,PAB12221-103-6A,H202311133024,PAB12221-201-5A,H0003715581,PAB12221-202-6A,H0003714866,PAB12221-203-7A,H0003718808,PAB12221-311-6A,H0002023112,N/O,N/O,2023/12/05 07:39:57,OK,OK,OK,OK,OK,OK,OK,OK,OK,OK,OK,OK,OK,OK,OK,OK,OK,OK,2023/12/05 07:43:29,OK,2023/12/05 07:46:00,OK,2023/12/05 07:47:52,OK,2023/12/05 08:31:05,OK,2023/12/05 08:31:55,OK
ELV036274-4223007.TXT,0221123-0085.txt,2023-12-05,2023/12/05 08:24:45,02,AB12221-603-0H-ELV036274-4223007,PAB12221-101-6A,H202310230029,PAB12221-102-6A,H202310300038,PAB12221-103-6A,H202311133024,PAB12221-201-5A,H0003715581,PAB12221-202-6A,H0003714866,PAB12221-203-7A,H0003718808,PAB12221-311-6A,H0002023112,N/O,N/O,2023/12/05 08:27:43,OK,OK,OK,OK,OK,OK,OK,OK,OK,OK,OK,OK,OK,OK,OK,OK,OK,OK,2023/12/05 08:32:01,OK,2023/12/05 08:35:56,OK,2023/12/05 08:36:18,OK,2023/12/05 08:50:14,OK,2023/12/05 08:52:12,OK
ELV036274-4223009.TXT,0221123-0086.txt,2023-12-05,2023/12/05 08:30:55,07,AB12221-603-0H-ELV036274-4223009,PAB12221-101-6A,H202310230029,PAB12221-102-6A,H202310300038,PAB12221-103-6A,H202311133024,PAB12221-201-5A,H0003715581,PAB12221-202-6A,H0003714866,PAB12221-203-7A,H0003718808,PAB12221-311-6A,H0002023112,N/O,N/O,2023/12/05 08:31:38,OK,OK,OK,OK,OK,OK,OK,OK,OK,OK,OK,OK,OK,OK,OK,OK,OK,OK,2023/12/05 08:36:23,OK,2023/12/05 08:39:28,OK,2023/12/05 08:39:51,OK,2023/12/05 08:52:12,OK,2023/12/05 08:55:06,OK
ELV036274-4223003.TXT,0221123-0087.txt,2023-12-05,2023/12/05 08:33:32,01,AB12221-603-0H-ELV036274-4223003,PAB12221-101-6A,H202310230029,PAB12221-102-6A,H202310300038,PAB12221-103-6A,H202311133024,PAB12221-201-5A,H0003715581,PAB12221-202-6A,H0003714866,PAB12221-203-7A,H0003718808,PAB12221-311-6A,H0002023112,N/O,N/O,2023/12/05 08:35:09,OK,OK,OK,OK,OK,OK,OK,OK,OK,OK,OK,OK,OK,OK,OK,OK,OK,OK,2023/12/05 08:39:40,OK,2023/12/05 08:42:59,OK,2023/12/05 08:43:22,OK,2023/12/05 08:58:58,OK,2023/12/05 09:01:40,OK
ELV036257-4023140.TXT,0221123-0088.txt,2023-12-05,2023/12/05 08:40:46,04,AB12221-603-0H-ELV036257-4023140,PAB12221-101-6A,H202310230029,PAB12221-102-6A,H202310300038,PAB12221-103-6A,H202311133024,PAB12221-201-5A,H0003715581,PAB12221-202-6A,H0003714866,PAB12221-203-7A,H0003718808,PAB12221-311-6A,H0002023112,N/O,N/O,2023/12/05 08:42:13,OK,OK,OK,OK,OK,OK,OK,OK,OK,OK,OK,OK,OK,OK,OK,OK,OK,OK,2023/12/05 08:48:00,OK,2023/12/05 08:52:22,OK,2023/12/05 08:52:45,OK,2023/12/05 09:10:18,OK,2023/12/05 09:12:56,OK
ELV036257-4023142.TXT,0221123-0089.txt,2023-12-05,2023/12/05 08:47:21,06,AB12221-603-0H-ELV036257-4023142,PAB12221-101-6A,H202310230029,PAB12221-102-6A,H202310300038,PAB12221-103-6A,H202311133024,PAB12221-201-5A,H0003715581,PAB12221-202-6A,H0003714866,PAB12221-203-7A,H0003718808,PAB12221-311-6A,H0002023112,N/O,N/O,2023/12/05 08:48:03,OK,OK,OK,OK,OK,OK,OK,OK,OK,OK,OK,OK,OK,OK,OK,OK,OK,OK,2023/12/05 08:52:09,OK,2023/12/05 08:55:54,OK,2023/12/05 08:56:17,OK,2023/12/05 09:12:56,OK,2023/12/05 09:15:01,OK
ELV036257-4023139.TXT,0221123-0090.txt,2023-12-05,2023/12/05 08:50:37,05,AB12221-603-0H-ELV036257-4023139,PAB12221-101-6A,H202310230029,PAB12221-102-6A,H202310300038,PAB12221-103-6A,H202311133024,PAB12221-201-5A,H0003715581,PAB12221-202-6A,H0003714866,PAB12221-203-7A,H0003718808,PAB12221-311-6A,H0002023112,N/O,N/O,2023/12/05 08:51:35,OK,OK,OK,OK,OK,OK,OK,OK,OK,OK,OK,OK,OK,OK,OK,OK,OK,OK,2023/12/05 08:56:30,OK,2023/12/05 09:00:58,OK,2023/12/05 09:01:20,OK,2023/12/05 09:17:40,OK,2023/12/05 09:20:03,OK
ELV036274-4223096.TXT,0221123-0091.txt,2023-12-05,2023/12/05 08:55:57,07,AB12221-603-0H-ELV036274-4223096,PAB12221-101-6A,H202310230029,PAB12221-102-6A,H202310300038,PAB12221-103-6A,H202311133024,PAB12221-201-5A,H0003715581,PAB12221-202-6A,H0003714866,PAB12221-203-7A,H0003718808,PAB12221-311-6A,H0002023112,N/O,N/O,2023/12/05 08:56:39,OK,OK,OK,OK,OK,OK,OK,OK,OK,OK,OK,OK,OK,OK,OK,OK,OK,OK,2023/12/05 09:01:46,OK,2023/12/05 09:06:16,OK,2023/12/05 09:06:38,OK,2023/12/05 09:20:03,OK,2023/12/05 09:22:15,OK
ELV036274-4223095.TXT,0221123-0092.txt,2023-12-05,2023/12/05 09:01:15,03,AB12221-603-0H-ELV036274-4223095,PAB12221-101-6A,H202310230029,PAB12221-102-6A,H202310300038,PAB12221-103-6A,H202311133024,PAB12221-201-5A,H0003715581,PAB12221-202-6A,H0003714866,PAB12221-203-7A,H0003718808,PAB12221-311-6A,H0002023112,N/O,N/O,2023/12/05 09:01:57,OK,OK,OK,OK,OK,OK,OK,OK,OK,OK,OK,OK,OK,OK,OK,OK,OK,OK,2023/12/05 09:06:11,OK,2023/12/05 09:10:19,OK,2023/12/05 09:10:42,OK,2023/12/05 09:26:38,OK,2023/12/05 09:30:27,OK
ELV036274-4223094.TXT,0221123-0093.txt,2023-12-05,2023/12/05 09:05:19,01,AB12221-603-0H-ELV036274-4223094,PAB12221-101-6A,H202310230029,PAB12221-102-6A,H202310300038,PAB12221-103-6A,H202311133024,PAB12221-201-5A,H0003715581,PAB12221-202-6A,H0003714866,PAB12221-203-7A,H0003718808,PAB12221-311-6A,H0002023112,N/O,N/O,2023/12/05 09:06:01,OK,OK,OK,OK,OK,OK,OK,OK,OK,OK,OK,OK,OK,OK,OK,OK,OK,OK,2023/12/05 09:10:53,OK,2023/12/05 09:15:28,OK,2023/12/05 09:15:51,OK,2023/12/05 09:30:27,OK,2023/12/05 09:31:43,OK
ELV036274-4223102.TXT,0221123-0094.txt,2023-12-05,2023/12/05 09:15:41,06,AB12221-603-0H-ELV036274-4223102,PAB12221-101-6A,H202310230029,PAB12221-102-6A,H202310300038,PAB12221-103-6A,H202311133024,PAB12221-201-5A,H0003715581,PAB12221-202-6A,H0003714866,PAB12221-203-7A,H0003718808,PAB12221-311-6A,H0002023112,N/O,N/O,2023/12/05 09:16:23,OK,OK,OK,OK,OK,OK,OK,OK,OK,OK,OK,OK,OK,OK,OK,OK,OK,OK,2023/12/05 09:21:03,OK,2023/12/05 09:25:23,OK,2023/12/05 09:25:46,OK,2023/12/05 09:37:49,OK,2023/12/05 09:38:19,OK
ELV036274-4223104.TXT,0221123-0095.txt,2023-12-05,2023/12/05 09:20:23,07,AB12221-603-0H-ELV036274-4223104,PAB12221-101-6A,H202310230029,PAB12221-102-6A,H202310300038,PAB12221-103-6A,H202311133024,PAB12221-201-5A,H0003715581,PAB12221-202-6A,H0003714866,PAB12221-203-7A,H0003718808,PAB12221-311-6A,H0002023112,N/O,N/O,2023/12/05 09:21:04,OK,OK,OK,OK,OK,OK,OK,OK,OK,OK,OK,OK,OK,OK,OK,OK,OK,OK,2023/12/05 09:24:34,OK,2023/12/05 09:28:59,OK,2023/12/05 09:29:21,OK,2023/12/05 09:42:48,OK,2023/12/05 09:43:21,OK
ELV036274-4223099.TXT,0221123-0096.txt,2023-12-05,2023/12/05 09:23:58,05,AB12221-603-0H-ELV036274-4223099,PAB12221-101-6A,H202310230029,PAB12221-102-6A,H202310300038,PAB12221-103-6A,H202311133024,PAB12221-201-5A,H0003715581,PAB12221-202-6A,H0003714866,PAB12221-203-7A,H0003718808,PAB12221-311-6A,H0002023112,N/O,N/O,2023/12/05 09:24:40,OK,OK,OK,OK,OK,OK,OK,OK,OK,OK,OK,OK,OK,OK,OK,OK,OK,OK,2023/12/05 09:28:50,OK,2023/12/05 09:33:09,OK,2023/12/05 09:33:32,OK,2023/12/05 09:48:02,OK,2023/12/05 09:48:39,OK
ELV036274-4223100.TXT,0221123-0097.txt,2023-12-05,2023/12/05 09:28:08,03,AB12221-603-0H-ELV036274-4223100,PAB12221-101-6A,H202310230029,PAB12221-102-6A,H202310300038,PAB12221-103-6A,H202311133024,PAB12221-201-5A,H0003715581,PAB12221-202-6A,H0003714866,PAB12221-203-7A,H0003718808,PAB12221-311-6A,H0002023112,N/O,N/O,2023/12/05 09:28:50,OK,OK,OK,OK,OK,OK,OK,OK,OK,OK,OK,OK,OK,OK,OK,OK,OK,OK,2023/12/05 09:34:13,OK,2023/12/05 09:37:32,OK,2023/12/05 09:37:54,OK,2023/12/05 10:08:27,OK,2023/12/05 10:11:08,OK
ELV036274-4223017.TXT,0221123-0098.txt,2023-12-05,2023/12/05 09:38:30,06,AB12221-603-0H-ELV036274-4223017,PAB12221-101-6A,H202310230029,PAB12221-102-6A,H202310300038,PAB12221-103-6A,H202311133024,PAB12221-201-5A,H0003715581,PAB12221-202-6A,H0003714866,PAB12221-203-7A,H0003718808,PAB12221-311-6A,H0002023112,N/O,N/O,2023/12/05 09:39:12,OK,OK,OK,OK,OK,OK,OK,OK,OK,OK,OK,OK,OK,OK,OK,OK,OK,OK,2023/12/05 09:43:36,OK,2023/12/05 09:47:51,OK,2023/12/05 09:48:14,OK,2023/12/05 10:17:10,OK,2023/12/05 10:19:05,OK
ELV036274-4223101.TXT,0221123-0099.txt,2023-12-05,2023/12/05 09:46:15,07,AB12221-603-0H-ELV036274-4223101,PAB12221-101-6A,H202310230029,PAB12221-102-6A,H202310300038,PAB12221-103-6A,H202311133024,PAB12221-201-5A,H0003715581,PAB12221-202-6A,H0003714866,PAB12221-203-7A,H0003718808,PAB12221-311-6A,H0002023112,N/O,N/O,2023/12/05 09:47:04,OK,OK,OK,OK,OK,OK,OK,OK,OK,OK,OK,OK,OK,OK,OK,OK,OK,OK,2023/12/05 10:06:37,OK,2023/12/05 10:11:10,OK,2023/12/05 10:11:33,OK,2023/12/05 10:26:12,OK,2023/12/05 10:27:29,OK
ELV036274-4223019.TXT,0221123-0100.txt,2023-12-05,2023/12/05 10:06:09,02,AB12221-603-0H-ELV036274-4223019,PAB12221-101-6A,H202310230029,PAB12221-102-6A,H202310300038,PAB12221-103-6A,H202311133024,PAB12221-201-5A,H0003715581,PAB12221-202-6A,H0003714866,PAB12221-203-7A,H0003718808,PAB12221-311-6A,H0002023112,N/O,N/O,2023/12/05 10:06:51,OK,OK,OK,OK,OK,OK,OK,OK,OK,OK,OK,OK,OK,OK,OK,OK,OK,OK,2023/12/05 10:10:19,OK,2023/12/05 10:14:42,OK,2023/12/05 10:15:05,OK,2023/12/05 10:30:43,OK,2023/12/05 10:31:42,OK
ELV036274-4223018.TXT,0221123-0101.txt,2023-12-05,2023/12/05 10:09:41,03,AB12221-603-0H-ELV036274-4223018,PAB12221-101-6A,H202310230029,PAB12221-102-6A,H202310300038,PAB12221-103-6A,H202311133024,PAB12221-201-5A,H0003715581,PAB12221-202-6A,H0003714866,PAB12221-203-7A,H0003718808,PAB12221-311-6A,H0002023112,N/O,N/O,2023/12/05 10:10:23,OK,OK,OK,OK,OK,OK,OK,OK,OK,OK,OK,OK,OK,OK,OK,OK,OK,OK,2023/12/05 10:13:49,OK,2023/12/05 10:18:20,OK,2023/12/05 10:18:43,OK,2023/12/05 10:34:42,OK,2023/12/05 10:38:16,OK
ELV036274-4223020.TXT,0221123-0102.txt,2023-12-05,2023/12/05 10:13:20,01,AB12221-603-0H-ELV036274-4223020,PAB12221-101-6A,H202310230029,PAB12221-102-6A,H202310300038,PAB12221-103-6A,H202311133024,PAB12221-201-5A,H0003715581,PAB12221-202-6A,H0003714866,PAB12221-203-7A,H0003718808,PAB12221-311-6A,H0002023112,N/O,N/O,2023/12/05 10:14:01,OK,OK,OK,OK,OK,OK,OK,OK,OK,OK,OK,OK,OK,OK,OK,OK,OK,OK,2023/12/05 10:17:31,OK,2023/12/05 10:22:03,OK,2023/12/05 10:22:26,OK,2023/12/05 10:38:16,OK,2023/12/05 10:40:32,OK
ELV036274-4223025.TXT,0221123-0103.txt,2023-12-05,2023/12/05 10:21:21,06,AB12221-603-0H-ELV036274-4223025,PAB12221-101-6A,H202310230029,PAB12221-102-6A,H202310300038,PAB12221-103-6A,H202311133024,PAB12221-201-5A,H0003715581,PAB12221-202-6A,H0003714866,PAB12221-203-7A,H0003718808,PAB12221-311-6A,H0002023112,N/O,N/O,2023/12/05 10:22:03,OK,OK,OK,OK,OK,OK,OK,OK,OK,OK,OK,OK,OK,OK,OK,OK,OK,OK,2023/12/05 10:25:30,OK,2023/12/05 10:29:54,OK,2023/12/05 10:30:16,OK,2023/12/05 10:47:04,OK,2023/12/05 10:48:19,OK
ELV036274-4223013.TXT,0221123-0104.txt,2023-12-05,2023/12/05 10:34:22,04,AB12221-603-0H-ELV036274-4223013,PAB12221-101-6A,H202310230029,PAB12221-102-6A,H202310300038,PAB12221-103-6A,H202311133024,PAB12221-201-5A,H0003715581,PAB12221-202-6A,H0003714866,PAB12221-203-7A,H0003718808,PAB12221-311-6A,H0002023112,N/O,N/O,2023/12/05 10:35:05,OK,OK,OK,OK,OK,OK,OK,OK,OK,OK,OK,OK,OK,OK,OK,OK,OK,OK,2023/12/05 10:39:06,OK,2023/12/05 10:43:39,OK,2023/12/05 10:44:02,OK,2023/12/05 11:07:56,OK,2023/12/05 11:08:42,OK
ELV036274-4223015.TXT,0221123-0105.txt,2023-12-05,2023/12/05 10:45:14,0X,AB12221-603-0H-ELV036274-4223015,PAB12221-101-6A,H202310230029,PAB12221-102-6A,H202310300038,PAB12221-103-6A,H202311133024,PAB12221-201-5A,H0003715581,PAB12221-202-6A,H0003714866,PAB12221-203-7A,H0003718808,PAB12221-311-6A,H0002023112,N/O,N/O,2023/12/05 10:46:17,OK,OK,OK,OK,OK,OK,OK,OK,OK,OK,OK,OK,OK,OK,OK,OK,OK,OK,2023/12/05 10:52:10,OK,2023/12/05 10:59:04,OK,2023/12/05 10:59:26,OK,2023/12/05 11:18:23,OK,2023/12/05 11:20:55,OK
ELV036274-4223008.TXT,0221123-0106.txt,2023-12-05,2023/12/05 10:51:41,02,AB12221-603-0H-ELV036274-4223008,PAB12221-101-6A,H202310230029,PAB12221-102-6A,H202310300038,PAB12221-103-6A,H202311133024,PAB12221-201-5A,H0003715581,PAB12221-202-6A,H0003714866,PAB12221-203-7A,H0003718808,PAB12221-311-6A,H0002023112,N/O,N/O,2023/12/05 10:54:45,OK,OK,OK,OK,OK,OK,OK,OK,OK,OK,OK,OK,OK,OK,OK,OK,OK,OK,2023/12/05 10:58:23,OK,2023/12/05 11:01:16,OK,2023/12/05 11:02:27,OK,2023/12/05 11:20:55,OK,2023/12/05 11:21:43,OK
ELV036274-4223092.TXT,0221123-0107.txt,2023-12-05,2023/12/05 11:01:02,01,AB12221-603-0H-ELV036274-4223092,PAB12221-101-6A,H202310230029,PAB12221-102-6A,H202310300038,PAB12221-103-6A,H202311133024,PAB12221-201-5A,H0003715581,PAB12221-202-6A,H0003714866,PAB12221-203-7A,H0003718808,PAB12221-311-6A,H0002023112,N/O,N/O,2023/12/05 11:01:44,OK,OK,OK,OK,OK,OK,OK,OK,OK,OK,OK,OK,OK,OK,OK,OK,OK,OK,2023/12/05 11:07:00,OK,2023/12/05 11:12:53,OK,2023/12/05 11:13:16,OK,2023/12/05 11:27:43,OK,2023/12/05 11:28:15,OK
ELV036274-4223010.TXT,0221123-0108.txt,2023-12-05,2023/12/05 11:03:38,06,AB12221-603-0H-ELV036274-4223010,PAB12221-101-6A,H202310230029,PAB12221-102-6A,H202310300038,PAB12221-103-6A,H202311133024,PAB12221-201-5A,H0003715581,PAB12221-202-6A,H0003714866,PAB12221-203-7A,H0003718808,PAB12221-311-6A,H0002023112,N/O,N/O,2023/12/05 11:05:09,OK,OK,OK,OK,OK,OK,OK,OK,OK,OK,OK,OK,OK,OK,OK,OK,OK,OK,2023/12/05 11:09:17,OK,2023/12/05 11:14:56,OK,2023/12/05 11:16:18,OK,2023/12/05 11:34:29,OK,2023/12/05 11:35:24,OK
ELV036274-4223093.TXT,0221123-0109.txt,2023-12-05,2023/12/05 11:06:31,07,AB12221-603-0H-ELV036274-4223093,PAB12221-101-6A,H202310230029,PAB12221-102-6A,H202310300038,PAB12221-103-6A,H202311133024,PAB12221-201-5A,H0003715581,PAB12221-202-6A,H0003714866,PAB12221-203-7A,H0003718808,PAB12221-311-6A,H0002023112,N/O,N/O,2023/12/05 11:08:35,OK,OK,OK,OK,OK,OK,OK,OK,OK,OK,OK,OK,OK,OK,OK,OK,OK,OK,2023/12/05 11:12:10,OK,2023/12/05 11:17:59,OK,2023/12/05 11:19:14,OK,2023/12/05 12:21:59,OK,2023/12/05 12:22:39,OK
ELV036274-4223091.TXT,0221123-0110.txt,2023-12-05,2023/12/05 11:15:09,04,AB12221-603-0H-ELV036274-4223091,PAB12221-101-6A,H202310230029,PAB12221-102-6A,H202310300038,PAB12221-103-6A,H202311133024,PAB12221-201-5A,H0003715581,PAB12221-202-6A,H0003714866,PAB12221-203-7A,H0003718808,PAB12221-311-6A,H0002023112,N/O,N/O,2023/12/05 11:17:09,OK,OK,OK,OK,OK,OK,OK,OK,OK,OK,OK,OK,OK,OK,OK,OK,OK,OK,2023/12/05 11:23:32,OK,2023/12/05 11:29:45,OK,2023/12/05 11:30:07,OK,2023/12/05 12:27:03,OK,2023/12/05 12:28:01,OK
ELV036274-4223098.TXT,0221123-0111.txt,2023-12-05,2023/12/05 11:23:07,03,AB12221-603-0H-ELV036274-4223098,PAB12221-101-6A,H202310230029,PAB12221-102-6A,H202310300038,PAB12221-103-6A,H202311133024,PAB12221-201-5A,H0003715581,PAB12221-202-6A,H0003714866,PAB12221-203-7A,H0003718808,PAB12221-311-6A,H0002023112,N/O,N/O,2023/12/05 11:23:49,OK,OK,OK,OK,OK,OK,OK,OK,OK,OK,OK,OK,OK,OK,OK,OK,OK,OK,2023/12/05 11:29:04,OK,2023/12/05 11:33:15,OK,2023/12/05 11:38:40,OK,2023/12/05 12:32:17,OK,2023/12/05 12:34:33,OK
ELV036274-4223027.TXT,0221123-0112.txt,2023-12-05,2023/12/05 12:20:31,06,AB12221-603-0H-ELV036274-4223027,PAB12221-101-6A,H202310230029,PAB12221-102-6A,H202310300038,PAB12221-103-6A,H202311133024,PAB12221-201-5A,H0003715581,PAB12221-202-6A,H0003714866,PAB12221-203-7A,H0003718808,PAB12221-311-6A,H0002023112,N/O,N/O,2023/12/05 12:21:13,OK,OK,OK,OK,OK,OK,OK,OK,OK,OK,OK,OK,OK,OK,OK,OK,OK,OK,2023/12/05 12:25:09,OK,2023/12/05 12:29:04,OK,2023/12/05 12:29:26,OK,2023/12/05 12:44:17,OK,2023/12/05 12:44:51,OK
ELV036274-4223026.TXT,0221123-0113.txt,2023-12-05,2023/12/05 12:23:26,01,AB12221-603-0H-ELV036274-4223026,PAB12221-101-6A,H202310230029,PAB12221-102-6A,H202310300038,PAB12221-103-6A,H202311133024,PAB12221-201-5A,H0003715581,PAB12221-202-6A,H0003714866,PAB12221-203-7A,H0003718808,PAB12221-311-6A,H0002023112,N/O,N/O,2023/12/05 12:24:45,OK,OK,OK,OK,OK,OK,OK,OK,OK,OK,OK,OK,OK,OK,OK,OK,OK,OK,2023/12/05 12:28:48,OK,2023/12/05 12:33:14,OK,2023/12/05 12:33:37,OK,2023/12/05 12:49:00,OK,2023/12/05 12:49:32,OK
ELV036274-4223028.TXT,0221123-0114.txt,2023-12-05,2023/12/05 12:28:13,07,AB12221-603-0H-ELV036274-4223028,PAB12221-101-6A,H202310230029,PAB12221-102-6A,H202310300038,PAB12221-103-6A,H202311133024,PAB12221-201-5A,H0003715581,PAB12221-202-6A,H0003714866,PAB12221-203-7A,H0003718808,PAB12221-311-6A,H0002023112,N/O,N/O,2023/12/05 12:28:56,OK,OK,OK,OK,OK,OK,OK,OK,OK,OK,OK,OK,OK,OK,OK,OK,OK,OK,2023/12/05 12:32:51,OK,2023/12/05 12:37:13,OK,2023/12/05 12:37:36,OK,2023/12/05 12:54:13,OK,2023/12/05 12:54:50,OK
ELV036274-4223030.TXT,0221123-0115.txt,2023-12-05,2023/12/05 12:36:16,05,AB12221-603-0H-ELV036274-4223030,PAB12221-101-6A,H202310230029,PAB12221-102-6A,H202310300038,PAB12221-103-6A,H202311133024,PAB12221-201-5A,H0003715581,PAB12221-202-6A,H0003714866,PAB12221-203-7A,H0003718808,PAB12221-311-6A,H0002023112,N/O,N/O,2023/12/05 12:36:58,OK,OK,OK,OK,OK,OK,OK,OK,OK,OK,OK,OK,OK,OK,OK,OK,OK,OK,2023/12/05 12:43:33,OK,2023/12/05 12:48:00,OK,2023/12/05 12:48:21,OK,2023/12/05 13:01:27,OK,2023/12/05 13:01:57,OK
ELV036274-4223036.TXT,0221123-0116.txt,2023-12-05,2023/12/05 12:42:58,04,AB12221-603-0H-ELV036274-4223036,PAB12221-101-6A,H202310230029,PAB12221-102-6A,H202310300038,PAB12221-103-6A,H202311133024,PAB12221-201-5A,H0003715581,PAB12221-202-6A,H0003714866,PAB12221-203-7A,H0003718808,PAB12221-311-6A,H0002023112,N/O,N/O,2023/12/05 12:43:41,OK,OK,OK,OK,OK,OK,OK,OK,OK,OK,OK,OK,OK,OK,OK,OK,OK,OK,2023/12/05 12:48:07,OK,2023/12/05 12:52:32,OK,2023/12/05 12:52:54,OK,2023/12/05 13:52:34,OK,2023/12/05 13:54:54,OK
ELV036274-4223034.TXT,0221123-0117.txt,2023-12-05,2023/12/05 12:51:34,01,AB12221-603-0H-ELV036274-4223034,PAB12221-101-6A,H202310230029,PAB12221-102-6A,H202310300038,PAB12221-103-6A,H202311133024,PAB12221-201-5A,H0003715581,PAB12221-202-6A,H0003714866,PAB12221-203-7A,H0003718808,PAB12221-311-6A,H0002023112,N/O,N/O,2023/12/05 12:52:16,OK,OK,OK,OK,OK,OK,OK,OK,OK,OK,OK,OK,OK,OK,OK,OK,OK,OK,2023/12/05 12:55:47,OK,2023/12/05 13:00:10,OK,2023/12/05 13:00:32,OK,2023/12/05 13:56:51,OK,2023/12/05 13:57:49,OK
ELV036274-4223032.TXT,0221123-0118.txt,2023-12-05,2023/12/05 12:55:09,07,AB12221-603-0H-ELV036274-4223032,PAB12221-101-6A,H202310230029,PAB12221-102-6A,H202310300038,PAB12221-103-6A,H202311133024,PAB12221-201-5A,H0003715581,PAB12221-202-6A,H0003714866,PAB12221-203-7A,H0003718808,PAB12221-311-6A,H0002023112,N/O,N/O,2023/12/05 12:55:51,OK,OK,OK,OK,OK,OK,OK,OK,OK,OK,OK,OK,OK,OK,OK,OK,OK,OK,2023/12/05 13:00:28,OK,2023/12/05 13:04:43,OK,2023/12/05 13:05:05,OK,2023/12/05 14:02:20,OK,2023/12/05 14:03:56,OK
ELV036274-4223061.TXT,0221123-0119.txt,2023-12-05,2023/12/05 12:59:42,02,AB12221-603-0H-ELV036274-4223061,PAB12221-101-6A,H202310230029,PAB12221-102-6A,H202310300038,PAB12221-103-6A,H202311133024,PAB12221-201-5A,H0003715581,PAB12221-202-6A,H0003714866,PAB12221-203-7A,H0003718808,PAB12221-311-6A,H0002023112,N/O,N/O,2023/12/05 13:00:24,OK,OK,OK,OK,OK,OK,OK,OK,OK,OK,OK,OK,OK,OK,OK,OK,OK,OK,2023/12/05 13:50:59,OK,2023/12/05 13:52:36,OK,2023/12/05 13:52:57,OK,2023/12/05 14:03:56,OK,2023/12/05 14:04:50,OK
ELV036274-4223068.TXT,0221123-0123.txt,2023-12-06,2023/12/06 08:04:21,05,AB12221-603-0H-ELV036274-4223068,PAB12221-101-6A,H202310230029,PAB12221-102-6A,H202310300038,PAB12221-103-6A,H202311133024,PAB12221-201-5A,H0003715581,PAB12221-202-6A,H0003714866,PAB12221-203-7A,H0003718808,PAB12221-311-6A,H0002023112,N/O,N/O,2023/12/06 08:05:20,OK,OK,OK,OK,OK,OK,OK,OK,OK,OK,OK,OK,OK,OK,OK,OK,OK,OK,2023/12/06 08:09:37,OK,2023/12/06 08:14:02,OK,2023/12/06 08:14:24,OK,2023/12/06 08:35:10,OK,2023/12/06 08:36:49,OK
ELV036274-4223035.TXT,0221123-0124.txt,2023-12-06,2023/12/06 08:11:38,06,AB12221-603-0H-ELV036274-4223035,PAB12221-101-6A,H202310230029,PAB12221-102-6A,H202310300038,PAB12221-103-6A,H202311133024,PAB12221-201-5A,H0003715581,PAB12221-202-6A,H0003714866,PAB12221-203-7A,H0003718808,PAB12221-311-6A,H0002023112,N/O,N/O,2023/12/06 08:13:15,OK,OK,OK,OK,OK,OK,OK,OK,OK,OK,OK,OK,OK,OK,OK,OK,OK,OK,2023/12/06 08:17:33,OK,2023/12/06 08:21:59,OK,2023/12/06 08:22:22,OK,2023/12/06 08:41:52,OK,2023/12/06 08:42:35,OK
ELV036274-4223070.TXT,0221123-0125.txt,2023-12-06,2023/12/06 08:23:06,07,AB12221-603-0H-ELV036274-4223070,PAB12221-101-6A,H202310230029,PAB12221-102-6A,H202310300038,PAB12221-103-6A,H202311133024,PAB12221-201-5A,H0003715581,PAB12221-202-6A,H0003714866,PAB12221-203-7A,H0003718808,PAB12221-311-6A,H0002023112,N/O,N/O,2023/12/06 08:23:47,OK,OK,OK,OK,OK,OK,OK,OK,OK,OK,OK,OK,OK,OK,OK,OK,OK,OK,2023/12/06 08:28:31,OK,2023/12/06 08:32:41,OK,2023/12/06 08:33:04,OK,2023/12/06 08:48:10,OK,2023/12/06 08:49:02,OK
ELV036274-4223037.TXT,0221123-0126.txt,2023-12-06,2023/12/06 08:27:40,04,AB12221-603-0H-ELV036274-4223037,PAB12221-101-6A,H202310230029,PAB12221-102-6A,H202310300038,PAB12221-103-6A,H202311133024,PAB12221-201-5A,H0003715581,PAB12221-202-6A,H0003714866,PAB12221-203-7A,H0003718808,PAB12221-311-6A,H0002023112,N/O,N/O,2023/12/06 08:28:23,OK,OK,OK,OK,OK,OK,OK,OK,OK,OK,OK,OK,OK,OK,OK,OK,OK,OK,2023/12/06 08:32:55,OK,2023/12/06 08:37:25,OK,2023/12/06 08:37:47,OK,2023/12/06 08:53:28,OK,2023/12/06 08:54:01,OK
ELV036274-4223039.TXT,0221123-0127.txt,2023-12-06,2023/12/06 08:32:24,05,AB12221-603-0H-ELV036274-4223039,PAB12221-101-6A,H202310230029,PAB12221-102-6A,H202310300038,PAB12221-103-6A,H202311133024,PAB12221-201-5A,H0003715581,PAB12221-202-6A,H0003714866,PAB12221-203-7A,H0003718808,PAB12221-311-6A,H0002023112,N/O,N/O,2023/12/06 08:33:06,OK,OK,OK,OK,OK,OK,OK,OK,OK,OK,OK,OK,OK,OK,OK,OK,OK,OK,2023/12/06 08:37:17,OK,2023/12/06 08:41:46,OK,2023/12/06 08:42:09,OK,2023/12/06 08:58:16,OK,2023/12/06 08:58:45,OK
ELV036274-4223064.TXT,0221123-0128.txt,2023-12-06,2023/12/06 08:40:27,06,AB12221-603-0H-ELV036274-4223064,PAB12221-101-6A,H202310230029,PAB12221-102-6A,H202310300038,PAB12221-103-6A,H202311133024,PAB12221-201-5A,H0003715581,PAB12221-202-6A,H0003714866,PAB12221-203-7A,H0003718808,PAB12221-311-6A,H0002023112,N/O,N/O,2023/12/06 08:41:08,OK,OK,OK,OK,OK,OK,OK,OK,OK,OK,OK,OK,OK,OK,OK,OK,OK,OK,2023/12/06 08:45:33,OK,2023/12/06 08:49:49,OK,2023/12/06 08:53:05,OK,2023/12/06 09:19:53,OK,2023/12/06 09:21:22,OK
ELV036274-4223062.TXT,0221123-0129.txt,2023-12-06,2023/12/06 08:44:47,02,AB12221-603-0H-ELV036274-4223062,PAB12221-101-6A,H202310230029,PAB12221-102-6A,H202310300038,PAB12221-103-6A,H202311133024,PAB12221-201-5A,H0003715581,PAB12221-202-6A,H0003714866,PAB12221-203-7A,H0003718808,PAB12221-311-6A,H0002023112,N/O,N/O,2023/12/06 08:45:30,OK,OK,OK,OK,OK,OK,OK,OK,OK,OK,OK,OK,OK,OK,OK,OK,OK,OK,2023/12/06 08:49:38,OK,2023/12/06 08:56:03,OK,2023/12/06 08:56:25,OK,2023/12/06 09:24:24,OK,2023/12/06 09:25:35,OK
ELV036274-4223065.TXT,0221123-0130.txt,2023-12-06,2023/12/06 08:48:56,07,AB12221-603-0H-ELV036274-4223065,PAB12221-101-6A,H202310230029,PAB12221-102-6A,H202310300038,PAB12221-103-6A,H202311133024,PAB12221-201-5A,H0003715581,PAB12221-202-6A,H0003714866,PAB12221-203-7A,H0003718808,PAB12221-311-6A,H0002023112,N/O,N/O,2023/12/06 08:49:39,OK,OK,OK,OK,OK,OK,OK,OK,OK,OK,OK,OK,OK,OK,OK,OK,OK,OK,2023/12/06 08:55:53,OK,2023/12/06 09:00:19,OK,2023/12/06 09:00:42,OK,2023/12/06 09:28:48,OK,2023/12/06 09:30:09,OK
ELV036274-4223063.TXT,0221123-0131.txt,2023-12-06,2023/12/06 08:55:18,04,AB12221-603-0H-ELV036274-4223063,PAB12221-101-6A,H202310230029,PAB12221-102-6A,H202310300038,PAB12221-103-6A,H202311133024,PAB12221-201-5A,H0003715581,PAB12221-202-6A,H0003714866,PAB12221-203-7A,H0003718808,PAB12221-311-6A,H0002023112,N/O,N/O,2023/12/06 08:56:00,OK,OK,OK,OK,OK,OK,OK,OK,OK,OK,OK,OK,OK,OK,OK,OK,OK,OK,2023/12/06 08:59:52,OK,2023/12/06 09:16:39,OK,2023/12/06 09:17:02,OK,2023/12/06 09:33:19,OK,2023/12/06 09:34:13,OK
ELV036274-4223087.TXT,0221123-0132.txt,2023-12-06,2023/12/06 08:59:10,01,AB12221-603-0H-ELV036274-4223087,PAB12221-101-6A,H202310230029,PAB12221-102-6A,H202310300038,PAB12221-103-6A,H202311133024,PAB12221-201-5A,H0003715581,PAB12221-202-6A,H0003714866,PAB12221-203-7A,H0003718808,PAB12221-311-6A,H0002023112,N/O,N/O,2023/12/06 08:59:52,OK,OK,OK,OK,OK,OK,OK,OK,OK,OK,OK,OK,OK,OK,OK,OK,OK,OK,2023/12/06 09:17:40,OK,2023/12/06 09:22:14,OK,2023/12/06 09:22:37,OK,2023/12/06 09:37:13,OK,2023/12/06 09:38:28,OK
ELV036274-4223088.TXT,0221123-0133.txt,2023-12-06,2023/12/06 09:17:12,03,AB12221-603-0H-ELV036274-4223088,PAB12221-101-6A,H202310230029,PAB12221-102-6A,H202310300038,PAB12221-103-6A,H202311133024,PAB12221-201-5A,H0003715581,PAB12221-202-6A,H0003714866,PAB12221-203-7A,H0003718808,PAB12221-311-6A,H0002023112,N/O,N/O,2023/12/06 09:17:55,OK,OK,OK,OK,OK,OK,OK,OK,OK,OK,OK,OK,OK,OK,OK,OK,OK,OK,2023/12/06 09:21:24,OK,2023/12/06 09:25:55,OK,2023/12/06 09:26:17,OK,2023/12/06 09:42:03,OK,2023/12/06 09:43:35,OK
ELV036274-4223090.TXT,0221123-0134.txt,2023-12-06,2023/12/06 09:20:54,06,AB12221-603-0H-ELV036274-4223090,PAB12221-101-6A,H202310230029,PAB12221-102-6A,H202310300038,PAB12221-103-6A,H202311133024,PAB12221-201-5A,H0003715581,PAB12221-202-6A,H0003714866,PAB12221-203-7A,H0003718808,PAB12221-311-6A,H0002023112,N/O,N/O,2023/12/06 09:21:36,OK,OK,OK,OK,OK,OK,OK,OK,OK,OK,OK,OK,OK,OK,OK,OK,OK,OK,2023/12/06 09:26:31,OK,2023/12/06 09:30:59,OK,2023/12/06 09:31:22,OK,2023/12/06 09:46:39,OK,2023/12/06 09:47:26,OK
ELV036274-4223050.TXT,0221123-0135.txt,2023-12-06,2023/12/06 09:30:31,07,AB12221-603-0H-ELV036274-4223050,PAB12221-101-6A,H202310230029,PAB12221-102-6A,H202310300038,PAB12221-103-6A,H202311133024,PAB12221-201-5A,H0003715581,PAB12221-202-6A,H0003714866,PAB12221-203-7A,H0003718808,PAB12221-311-6A,H0002023112,N/O,N/O,2023/12/06 09:31:13,OK,OK,OK,OK,OK,OK,OK,OK,OK,OK,OK,OK,OK,OK,OK,OK,OK,OK,2023/12/06 09:35:36,OK,2023/12/06 09:40:11,OK,2023/12/06 09:40:34,OK,2023/12/06 09:54:28,OK,2023/12/06 09:57:28,OK
ELV036274-4223046.TXT,0221123-0136.txt,2023-12-06,2023/12/06 09:38:42,01,AB12221-603-0H-ELV036274-4223046,PAB12221-101-6A,H202310230029,PAB12221-102-6A,H202310300038,PAB12221-103-6A,H202311133024,PAB12221-201-5A,H0003715581,PAB12221-202-6A,H0003714866,PAB12221-203-7A,H0003718808,PAB12221-311-6A,H0002023112,N/O,N/O,2023/12/06 09:39:24,OK,OK,OK,OK,OK,OK,OK,OK,OK,OK,OK,OK,OK,OK,OK,OK,OK,OK,2023/12/06 09:44:10,OK,2023/12/06 09:48:41,OK,2023/12/06 09:49:02,OK,2023/12/06 10:02:17,OK,2023/12/06 10:05:32,OK
ELV036274-4223047.TXT,0221123-0137.txt,2023-12-06,2023/12/06 09:43:39,03,AB12221-603-0H-ELV036274-4223047,PAB12221-101-6A,H202310230029,PAB12221-102-6A,H202310300038,PAB12221-103-6A,H202311133024,PAB12221-201-5A,H0003715581,PAB12221-202-6A,H0003714866,PAB12221-203-7A,H0003718808,PAB12221-311-6A,H0002023112,N/O,N/O,2023/12/06 09:44:21,OK,OK,OK,OK,OK,OK,OK,OK,OK,OK,OK,OK,OK,OK,OK,OK,OK,OK,2023/12/06 09:47:55,OK,2023/12/06 09:52:24,OK,2023/12/06 09:52:47,OK,2023/12/06 10:05:32,OK,2023/12/06 10:06:10,OK
ELV036274-4223042.TXT,0221123-0138.txt,2023-12-06,2023/12/06 09:47:23,06,AB12221-603-0H-ELV036274-4223042,PAB12221-101-6A,H202310230029,PAB12221-102-6A,H202310300038,PAB12221-103-6A,H202311133024,PAB12221-201-5A,H0003715581,PAB12221-202-6A,H0003714866,PAB12221-203-7A,H0003718808,PAB12221-311-6A,H0002023112,N/O,N/O,2023/12/06 09:48:05,OK,OK,OK,OK,OK,OK,OK,OK,OK,OK,OK,OK,OK,OK,OK,OK,OK,OK,2023/12/06 09:52:08,OK,2023/12/06 09:56:40,OK,2023/12/06 09:57:02,OK,2023/12/06 10:12:32,OK,2023/12/06 10:13:06,OK
ELV036274-4223049.TXT,0221123-0139.txt,2023-12-06,2023/12/06 09:51:40,02,AB12221-603-0H-ELV036274-4223049,PAB12221-101-6A,H202310230029,PAB12221-102-6A,H202310300038,PAB12221-103-6A,H202311133024,PAB12221-201-5A,H0003715581,PAB12221-202-6A,H0003714866,PAB12221-203-7A,H0003718808,PAB12221-311-6A,H0002023112,N/O,N/O,2023/12/06 09:52:22,OK,OK,OK,OK,OK,OK,OK,OK,OK,OK,OK,OK,OK,OK,OK,OK,OK,OK,2023/12/06 09:57:51,OK,2023/12/06 10:00:10,OK,2023/12/06 10:00:34,OK,2023/12/06 10:19:19,OK,2023/12/06 10:20:00,OK
ELV036274-4223048.TXT,0221123-0140.txt,2023-12-06,2023/12/06 09:54:29,07,AB12221-603-0H-ELV036274-4223048,PAB12221-101-6A,H202310230029,PAB12221-102-6A,H202310300038,PAB12221-103-6A,H202311133024,PAB12221-201-5A,H0003715581,PAB12221-202-6A,H0003714866,PAB12221-203-7A,H0003718808,PAB12221-311-6A,H0002023112,N/O,N/O,2023/12/06 09:55:52,OK,OK,OK,OK,OK,OK,OK,OK,OK,OK,OK,OK,OK,OK,OK,OK,OK,OK,2023/12/06 10:00:01,OK,2023/12/06 10:04:30,OK,2023/12/06 10:04:52,OK,2023/12/06 10:30:03,OK,2023/12/06 10:34:57,OK
ELV036274-4223041.TXT,0221123-0141.txt,2023-12-06,2023/12/06 10:03:07,01,AB12221-603-0H-ELV036274-4223041,PAB12221-101-6A,H202310230029,PAB12221-102-6A,H202310300038,PAB12221-103-6A,H202311133024,PAB12221-201-5A,H0003715581,PAB12221-202-6A,H0003714866,PAB12221-203-7A,H0003718808,PAB12221-311-6A,H0002023112,N/O,N/O,2023/12/06 10:03:49,OK,OK,OK,OK,OK,OK,OK,OK,OK,OK,OK,OK,OK,OK,OK,OK,OK,OK,2023/12/06 10:15:34,OK,2023/12/06 10:18:59,OK,2023/12/06 10:19:21,OK,2023/12/06 10:34:57,OK,2023/12/06 10:38:04,OK
ELV036274-4223044.TXT,0221123-0142.txt,2023-12-06,2023/12/06 10:10:35,03,AB12221-603-0H-ELV036274-4223044,PAB12221-101-6A,H202310230029,PAB12221-102-6A,H202310300038,PAB12221-103-6A,H202311133024,PAB12221-201-5A,H0003715581,PAB12221-202-6A,H0003714866,PAB12221-203-7A,H0003718808,PAB12221-311-6A,H0002023112,N/O,N/O,2023/12/06 10:14:41,OK,OK,OK,OK,OK,OK,OK,OK,OK,OK,OK,OK,OK,OK,OK,OK,OK,OK,2023/12/06 10:19:08,OK,2023/12/06 10:23:35,OK,2023/12/06 10:23:57,OK,2023/12/06 10:38:04,OK,2023/12/06 10:39:07,OK
ELV036274-4223089.TXT,0221123-0143.txt,2023-12-06,2023/12/06 10:18:34,06,AB12221-603-0H-ELV036274-4223089,PAB12221-101-6A,H202310230029,PAB12221-102-6A,H202310300038,PAB12221-103-6A,H202311133024,PAB12221-201-5A,H0003715581,PAB12221-202-6A,H0003714866,PAB12221-203-7A,H0003718808,PAB12221-311-6A,H0002023112,N/O,N/O,2023/12/06 10:19:15,OK,OK,OK,OK,OK,OK,OK,OK,OK,OK,OK,OK,OK,OK,OK,OK,OK,OK,2023/12/06 10:25:00,OK,2023/12/06 10:29:26,OK,2023/12/06 10:29:49,OK,2023/12/06 10:47:07,OK,2023/12/06 10:47:47,OK
ELV036274-4223076.TXT,0221123-0144.txt,2023-12-06,2023/12/06 10:36:45,01,AB12221-603-0H-ELV036274-4223076,PAB12221-101-6A,H202310230029,PAB12221-102-6A,H202310300038,PAB12221-103-6A,H202311133024,PAB12221-201-5A,H0003715581,PAB12221-202-6A,H0003714866,PAB12221-203-7A,H0003718808,PAB12221-311-6A,H0002023112,N/O,N/O,2023/12/06 10:37:27,OK,OK,OK,OK,OK,OK,OK,OK,OK,OK,OK,OK,OK,OK,OK,OK,OK,OK,2023/12/06 10:41:26,OK,2023/12/06 10:45:56,OK,2023/12/06 10:46:19,OK,2023/12/06 11:01:46,OK,2023/12/06 11:03:17,OK
ELV036274-4223075.TXT,0221123-0145.txt,2023-12-06,2023/12/06 10:44:28,07,AB12221-603-0H-ELV036274-4223075,PAB12221-101-6A,H202310230029,PAB12221-102-6A,H202310300038,PAB12221-103-6A,H202311133024,PAB12221-201-5A,H0003715581,PAB12221-202-6A,H0003714866,PAB12221-203-7A,H0003718808,PAB12221-311-6A,H0002023112,N/O,N/O,2023/12/06 10:45:10,OK,OK,OK,OK,OK,OK,OK,OK,OK,OK,OK,OK,OK,OK,OK,OK,OK,OK,2023/12/06 10:48:45,OK,2023/12/06 10:53:07,OK,2023/12/06 10:53:29,OK,2023/12/06 11:10:15,OK,2023/12/06 11:14:32,OK
ELV036274-4223074.TXT,0221123-0146.txt,2023-12-06,2023/12/06 10:48:05,02,AB12221-603-0H-ELV036274-4223074,PAB12221-101-6A,H202310230029,PAB12221-102-6A,H202310300038,PAB12221-103-6A,H202311133024,PAB12221-201-5A,H0003715581,PAB12221-202-6A,H0003714866,PAB12221-203-7A,H0003718808,PAB12221-311-6A,H0002023112,N/O,N/O,2023/12/06 10:48:48,OK,OK,OK,OK,OK,OK,OK,OK,OK,OK,OK,OK,OK,OK,OK,OK,OK,OK,2023/12/06 10:53:30,OK,2023/12/06 10:57:50,OK,2023/12/06 10:58:13,OK,2023/12/06 11:14:32,OK,2023/12/06 11:19:04,OK
ELV036274-4223043.TXT,0221123-0147.txt,2023-12-06,2023/12/06 10:52:49,05,AB12221-603-0H-ELV036274-4223043,PAB12221-101-6A,H202310230029,PAB12221-102-6A,H202310300038,PAB12221-103-6A,H202311133024,PAB12221-201-5A,H0003715581,PAB12221-202-6A,H0003714866,PAB12221-203-7A,H0003718808,PAB12221-311-6A,H0002023112,N/O,N/O,2023/12/06 10:53:32,OK,OK,OK,OK,OK,OK,OK,OK,OK,OK,OK,OK,OK,OK,OK,OK,OK,OK,2023/12/06 10:59:06,OK,2023/12/06 11:03:29,OK,2023/12/06 11:03:52,OK,2023/12/06 11:19:04,OK,2023/12/06 11:23:32,OK
ELV036274-4223085.TXT,0221123-0148.txt,2023-12-08,2023/12/06 10:58:28,04,AB12221-603-0H-ELV036274-4223085,PAB12221-101-6A,H202310230029,PAB12221-102-6A,H202310300038,PAB12221-103-6A,H202311133024,PAB12221-201-5A,H0003715581,PAB12221-202-6A,H0003714866,PAB12221-203-7A,H0003718808,PAB12221-311-6A,H0002023112,N/O,N/O,2023/12/06 10:59:10,OK,OK,OK,OK,OK,OK,OK,OK,OK,OK,OK,OK,OK,OK,OK,OK,OK,OK,2023/12/06 11:02:43,OK,2023/12/06 11:07:14,OK,2023/12/06 11:07:38,OK,2023/12/06 11:28:31,OK,2023/12/06 11:34:56,OK
ELV036274-4223082.TXT,0221123-0149.txt,2023-12-06,2023/12/06 11:06:14,06,AB12221-603-0H-ELV036274-4223082,PAB12221-101-6A,H202310230029,PAB12221-102-6A,H202310300038,PAB12221-103-6A,H202311133024,PAB12221-201-5A,H0003715581,PAB12221-202-6A,H0003714866,PAB12221-203-7A,H0003718808,PAB12221-311-6A,H0002023112,N/O,N/O,2023/12/06 11:06:56,OK,OK,OK,OK,OK,OK,OK,OK,OK,OK,OK,OK,OK,OK,OK,OK,OK,OK,2023/12/06 11:12:25,OK,2023/12/06 11:17:04,OK,2023/12/06 11:17:26,OK,2023/12/06 11:37:27,OK,2023/12/06 11:39:18,OK
ELV036274-4223084.TXT,0221123-0150.txt,2023-12-06,2023/12/06 11:12:02,07,AB12221-603-0H-ELV036274-4223084,PAB12221-101-6A,H202310230029,PAB12221-102-6A,H202310300038,PAB12221-103-6A,H202311133024,PAB12221-201-5A,H0003715581,PAB12221-202-6A,H0003714866,PAB12221-203-7A,H0003718808,PAB12221-311-6A,H0002023112,N/O,N/O,2023/12/06 11:12:45,OK,OK,OK,OK,OK,OK,OK,OK,OK,OK,OK,OK,OK,OK,OK,OK,OK,OK,2023/12/06 11:16:31,OK,2023/12/06 11:20:35,OK,2023/12/06 11:20:58,OK,2023/12/06 11:39:18,OK,2023/12/06 12:26:13,OK
ELV036274-4223083.TXT,0221123-0151.txt,2023-12-06,2023/12/06 11:15:30,02,AB12221-603-0H-ELV036274-4223083,PAB12221-101-6A,H202310230029,PAB12221-102-6A,H202310300038,PAB12221-103-6A,H202311133024,PAB12221-201-5A,H0003715581,PAB12221-202-6A,H0003714866,PAB12221-203-7A,H0003718808,PAB12221-311-6A,H0002023112,N/O,N/O,2023/12/06 11:16:16,OK,OK,OK,OK,OK,OK,OK,OK,OK,OK,OK,OK,OK,OK,OK,OK,OK,OK,2023/12/06 11:20:12,OK,2023/12/06 11:24:41,OK,2023/12/06 11:25:04,OK,2023/12/06 12:32:52,OK,2023/12/06 12:33:45,OK
ELV036274-4223072.TXT,0221123-0152.txt,2023-12-06,2023/12/06 12:27:03,01,AB12221-603-0H-ELV036274-4223072,PAB12221-101-6A,H202310230029,PAB12221-102-6A,H202310300038,PAB12221-103-6A,H202311133024,PAB12221-201-5A,H0003715581,PAB12221-202-6A,H0003714866,PAB12221-203-7A,H0003718808,PAB12221-311-6A,H0002023112,N/O,N/O,2023/12/06 12:27:45,OK,OK,OK,OK,OK,OK,OK,OK,OK,OK,OK,OK,OK,OK,OK,OK,OK,OK,2023/12/06 12:34:42,OK,2023/12/06 12:39:11,OK,2023/12/06 12:39:32,OK,2023/12/06 12:53:37,OK,2023/12/06 12:54:19,OK
ELV036257-4023194.TXT,0221123-0153.txt,2023-12-06,2023/12/06 12:34:10,04,AB12221-603-0H-ELV036257-4023194,PAB12221-101-6A,H202310230029,PAB12221-102-6A,H202310300038,PAB12221-103-6A,H202311133024,PAB12221-201-5A,H0003715581,PAB12221-202-6A,H0003714866,PAB12221-203-7A,H0003718808,PAB12221-311-6A,H0002023112,N/O,N/O,2023/12/06 12:34:52,OK,OK,OK,OK,OK,OK,OK,OK,OK,OK,OK,OK,OK,OK,OK,OK,OK,OK,2023/12/06 12:38:55,OK,2023/12/06 12:43:17,OK,2023/12/06 12:43:40,OK,2023/12/06 13:01:31,OK,2023/12/06 13:02:50,OK
ELV036257-4023193.TXT,0221123-0154.txt,2023-12-06,2023/12/06 12:38:17,02,AB12221-603-0H-ELV036257-4023193,PAB12221-101-6A,H202310230029,PAB12221-102-6A,H202310300038,PAB12221-103-6A,H202311133024,PAB12221-201-5A,H0003715581,PAB12221-202-6A,H0003714866,PAB12221-203-7A,H0003718808,PAB12221-311-6A,H0002023112,N/O,N/O,2023/12/06 12:38:59,OK,OK,OK,OK,OK,OK,OK,OK,OK,OK,OK,OK,OK,OK,OK,OK,OK,OK,2023/12/06 12:43:49,OK,2023/12/06 12:48:14,OK,2023/12/06 12:48:37,OK,2023/12/06 13:04:44,OK,2023/12/06 13:05:48,OK
ELV036257-4023187.TXT,0221123-0155.txt,2023-12-06,2023/12/06 12:43:13,05,AB12221-603-0H-ELV036257-4023187,PAB12221-101-6A,H202310230029,PAB12221-102-6A,H202310300038,PAB12221-103-6A,H202311133024,PAB12221-201-5A,H0003715581,PAB12221-202-6A,H0003714866,PAB12221-203-7A,H0003718808,PAB12221-311-6A,H0002023112,N/O,N/O,2023/12/06 12:43:55,OK,OK,OK,OK,OK,OK,OK,OK,OK,OK,OK,OK,OK,OK,OK,OK,OK,OK,2023/12/06 12:47:45,OK,2023/12/06 12:51:46,OK,2023/12/06 12:52:08,OK,2023/12/06 13:14:12,OK,2023/12/06 13:17:17,OK
ELV036257-4023186.TXT,0221123-0156.txt,2023-12-06,2023/12/06 12:50:55,07,AB12221-603-0H-ELV036257-4023186,PAB12221-101-6A,H202310230029,PAB12221-102-6A,H202310300038,PAB12221-103-6A,H202311133024,PAB12221-201-5A,H0003715581,PAB12221-202-6A,H0003714866,PAB12221-203-7A,H0003718808,PAB12221-311-6A,H0002023112,N/O,N/O,2023/12/06 12:51:37,OK,OK,OK,OK,OK,OK,OK,OK,OK,OK,OK,OK,OK,OK,OK,OK,OK,OK,2023/12/06 12:55:54,OK,2023/12/06 13:00:25,OK,2023/12/06 13:00:47,OK,2023/12/06 13:32:18,OK,2023/12/06 13:32:48,OK
ELV036257-4023191.TXT,0221123-0157.txt,2023-12-06,2023/12/06 13:47:25,03,AB12221-603-0H-ELV036257-4023191,PAB12221-101-6A,H202310230029,PAB12221-102-6A,H202310300038,PAB12221-103-6A,H202311133024,PAB12221-201-5A,H0003715581,PAB12221-202-6A,H0003714866,PAB12221-203-7A,H0003718808,PAB12221-311-6A,H0002023112,N/O,N/O,2023/12/06 13:48:07,OK,OK,OK,OK,OK,OK,OK,OK,OK,OK,OK,OK,OK,OK,OK,OK,OK,OK,2023/12/06 13:52:50,OK,2023/12/06 13:57:20,OK,2023/12/06 13:57:43,OK,2023/12/06 14:19:50,OK,2023/12/06 14:21:46,OK
ELV036257-4023182.TXT,0221123-0158.txt,2023-12-06,2023/12/06 13:52:19,01,AB12221-603-0H-ELV036257-4023182,PAB12221-101-6A,H202310230029,PAB12221-102-6A,H202310300038,PAB12221-103-6A,H202311133024,PAB12221-201-5A,H0003715581,PAB12221-202-6A,H0003714866,PAB12221-203-7A,H0003718808,PAB12221-311-6A,H0002023112,N/O,N/O,2023/12/06 13:53:01,OK,OK,OK,OK,OK,OK,OK,OK,OK,OK,OK,OK,OK,OK,OK,OK,OK,OK,2023/12/06 13:56:42,OK,2023/12/06 14:00:52,OK,2023/12/06 14:01:15,OK,2023/12/06 14:27:39,OK,2023/12/06 14:31:33,OK
ELV036257-4023179.TXT,0221123-0159.txt,2023-12-06,2023/12/06 13:55:21,04,AB12221-603-0H-ELV036257-4023179,PAB12221-101-6A,H202310230029,PAB12221-102-6A,H202310300038,PAB12221-103-6A,H202311133024,PAB12221-201-5A,H0003715581,PAB12221-202-6A,H0003714866,PAB12221-203-7A,H0003718808,PAB12221-311-6A,H0002023112,N/O,N/O,2023/12/06 13:56:33,OK,OK,OK,OK,OK,OK,OK,OK,OK,OK,OK,OK,OK,OK,OK,OK,OK,OK,2023/12/06 14:02:36,OK,2023/12/06 14:06:16,OK,2023/12/06 14:06:38,OK,2023/12/06 14:33:41,OK,2023/12/06 14:35:47,OK
ELV036257-4023180.TXT,0221123-0160.txt,2023-12-06,2023/12/06 14:05:45,07,AB12221-603-0H-ELV036257-4023180,PAB12221-101-6A,H202310230029,PAB12221-102-6A,H202310300038,PAB12221-103-6A,H202311133024,PAB12221-201-5A,H0003715581,PAB12221-202-6A,H0003714866,PAB12221-203-7A,H0003718808,PAB12221-311-6A,H0002023112,N/O,N/O,2023/12/06 14:06:27,OK,OK,OK,OK,OK,OK,OK,OK,OK,OK,OK,OK,OK,OK,OK,OK,OK,OK,2023/12/06 14:15:49,OK,2023/12/06 14:22:43,OK,2023/12/06 14:28:11,OK,2023/12/06 14:40:27,OK,2023/12/06 14:41:17,OK
ELV036257-4023181.TXT,0221123-0161.txt,2023-12-07,2023/12/07 07:21:30,01,AB12221-603-0H-ELV036257-4023181,PAB12221-101-6A,H202310230029,PAB12221-102-6A,H202310300038,PAB12221-103-6A,H202311133024,PAB12221-201-5A,H0003715581,PAB12221-202-6A,H0003714866,PAB12221-203-7A,H0003718808,PAB12221-311-6A,H0002023112,N/O,N/O,2023/12/07 07:22:13,OK,OK,OK,OK,OK,OK,OK,OK,OK,OK,OK,OK,OK,OK,OK,OK,OK,OK,2023/12/07 07:26:52,OK,2023/12/07 07:31:19,OK,2023/12/07 07:31:41,OK,2023/12/07 07:43:10,OK,2023/12/07 07:43:41,OK
ELV036257-4023147.TXT,0221123-0162.txt,2023-12-07,2023/12/07 07:26:18,03,AB12221-603-0H-ELV036257-4023147,PAB12221-101-6A,H202310230029,PAB12221-102-6A,H202310300038,PAB12221-103-6A,H202311133024,PAB12221-201-5A,H0003715581,PAB12221-202-6A,H0003714866,PAB12221-203-7A,H0003718808,PAB12221-311-6A,H0002023112,N/O,N/O,2023/12/07 07:27:01,OK,OK,OK,OK,OK,OK,OK,OK,OK,OK,OK,OK,OK,OK,OK,OK,OK,OK,2023/12/07 07:30:54,OK,2023/12/07 07:34:50,OK,2023/12/07 07:35:13,OK,2023/12/07 07:50:30,OK,2023/12/07 07:51:11,OK
ELV036257-4023148.TXT,0221123-0163.txt,2023-12-07,2023/12/07 07:29:02,04,AB12221-603-0H-ELV036257-4023148,PAB12221-101-6A,H202310230029,PAB12221-102-6A,H202310300038,PAB12221-103-6A,H202311133024,PAB12221-201-5A,H0003715581,PAB12221-202-6A,H0003714866,PAB12221-203-7A,H0003718808,PAB12221-311-6A,H0002023112,N/O,N/O,2023/12/07 07:30:31,OK,OK,OK,OK,OK,OK,OK,OK,OK,OK,OK,OK,OK,OK,OK,OK,OK,OK,2023/12/07 07:34:02,OK,2023/12/07 07:38:23,OK,2023/12/07 07:38:45,OK,2023/12/07 07:53:14,OK,2023/12/07 07:54:15,OK
ELV036257-4023149.TXT,0221123-0164.txt,2023-12-07,2023/12/07 07:32:38,05,AB12221-603-0H-ELV036257-4023149,PAB12221-101-6A,H202310230029,PAB12221-102-6A,H202310300038,PAB12221-103-6A,H202311133024,PAB12221-201-5A,H0003715581,PAB12221-202-6A,H0003714866,PAB12221-203-7A,H0003718808,PAB12221-311-6A,H0002023112,N/O,N/O,2023/12/07 07:34:04,OK,OK,OK,OK,OK,OK,OK,OK,OK,OK,OK,OK,OK,OK,OK,OK,OK,OK,2023/12/07 07:37:31,OK,2023/12/07 07:41:55,OK,2023/12/07 07:42:18,OK,2023/12/07 07:57:36,OK,2023/12/07 07:58:21,OK
ELV036257-4023150.TXT,0221123-0165.txt,2023-12-07,2023/12/07 07:35:46,06,AB12221-603-0H-ELV036257-4023150,PAB12221-101-6A,H202310230029,PAB12221-102-6A,H202310300038,PAB12221-103-6A,H202311133024,PAB12221-201-5A,H0003715581,PAB12221-202-6A,H0003714866,PAB12221-203-7A,H0003718808,PAB12221-311-6A,H0002023112,N/O,N/O,2023/12/07 07:37:36,OK,OK,OK,OK,OK,OK,OK,OK,OK,OK,OK,OK,OK,OK,OK,OK,OK,OK,2023/12/07 07:41:32,OK,2023/12/07 07:46:02,OK,2023/12/07 07:46:25,OK,2023/12/07 08:21:15,OK,2023/12/07 08:23:43,OK
ELV036257-4023189.TXT,0221123-0166.txt,2023-12-07,2023/12/07 07:53:27,03,AB12221-603-0H-ELV036257-4023189,PAB12221-101-6A,H202310230029,PAB12221-102-6A,H202310300038,PAB12221-103-6A,H202311133024,PAB12221-201-5A,H0003715581,PAB12221-202-6A,H0003714866,PAB12221-203-7A,H0003718808,PAB12221-311-6A,H0002023112,N/O,N/O,2023/12/07 07:54:09,OK,OK,OK,OK,OK,OK,OK,OK,OK,OK,OK,OK,OK,OK,OK,OK,OK,OK,2023/12/07 07:59:02,OK,2023/12/07 08:03:03,OK,2023/12/07 08:03:25,OK,2023/12/07 08:46:12,OK,2023/12/07 08:47:59,OK
ELV036257-4023192.TXT,0221123-0167.txt,2023-12-07,2023/12/07 07:58:02,04,AB12221-603-0H-ELV036257-4023192,PAB12221-101-6A,H202310230029,PAB12221-102-6A,H202310300038,PAB12221-103-6A,H202311133024,PAB12221-201-5A,H0003715581,PAB12221-202-6A,H0003714866,PAB12221-203-7A,H0003718808,PAB12221-311-6A,H0002023112,N/O,N/O,2023/12/07 07:58:44,OK,OK,OK,OK,OK,OK,OK,OK,OK,OK,OK,OK,OK,OK,OK,OK,OK,OK,2023/12/07 08:23:42,OK,2023/12/07 08:28:03,OK,2023/12/07 08:28:25,OK,2023/12/07 08:47:59,OK,2023/12/07 08:50:25,OK
ELV036257-4023152.TXT,0221123-0168.txt,2023-12-07,2023/12/07 08:23:02,0X,AB12221-603-0H-ELV036257-4023152,PAB12221-101-6A,H202310230029,PAB12221-102-6A,H202310300038,PAB12221-103-6A,H202311133024,PAB12221-201-5A,H0003715581,PAB12221-202-6A,H0003714866,PAB12221-203-7A,H0003718808,PAB12221-311-6A,H0002023112,N/O,N/O,2023/12/07 08:23:44,OK,OK,OK,OK,OK,OK,OK,OK,OK,OK,OK,OK,OK,OK,OK,OK,OK,OK,2023/12/07 08:28:11,OK,2023/12/07 08:32:48,OK,2023/12/07 08:33:11,OK,2023/12/07 08:50:25,OK,2023/12/07 08:51:11,OK
ELV036257-4023153.TXT,0221123-0169.txt,2023-12-07,2023/12/07 08:27:47,05,AB12221-603-0H-ELV036257-4023153,PAB12221-101-6A,H202310230029,PAB12221-102-6A,H202310300038,PAB12221-103-6A,H202311133024,PAB12221-201-5A,H0003715581,PAB12221-202-6A,H0003714866,PAB12221-203-7A,H0003718808,PAB12221-311-6A,H0002023112,N/O,N/O,2023/12/07 08:28:29,OK,OK,OK,OK,OK,OK,OK,OK,OK,OK,OK,OK,OK,OK,OK,OK,OK,OK,2023/12/07 08:35:08,OK,2023/12/07 08:39:30,OK,2023/12/07 08:39:53,OK,2023/12/07 08:56:15,OK,2023/12/07 08:58:36,OK
ELV036257-4023151.TXT,0221123-0170.txt,2023-12-07,2023/12/07 08:34:29,02,AB12221-603-0H-ELV036257-4023151,PAB12221-101-6A,H202310230029,PAB12221-102-6A,H202310300038,PAB12221-103-6A,H202311133024,PAB12221-201-5A,H0003715581,PAB12221-202-6A,H0003714866,PAB12221-203-7A,H0003718808,PAB12221-311-6A,H0002023112,N/O,N/O,2023/12/07 08:35:11,OK,OK,OK,OK,OK,OK,OK,OK,OK,OK,OK,OK,OK,OK,OK,OK,OK,OK,2023/12/07 08:38:40,OK,2023/12/07 08:43:12,OK,2023/12/07 08:43:36,OK,2023/12/07 08:58:36,OK,2023/12/07 09:00:20,OK
ELV036274-4223073.TXT,0221123-0171.txt,2023-12-07,2023/12/07 08:43:12,01,AB12221-603-0H-ELV036274-4223073,PAB12221-101-6A,H202310230029,PAB12221-102-6A,H202310300038,PAB12221-103-6A,H202311133024,PAB12221-201-5A,H0003715581,PAB12221-202-6A,H0003714866,PAB12221-203-7A,H0003718808,PAB12221-311-6A,H0002023112,N/O,N/O,2023/12/07 08:43:54,OK,OK,OK,OK,OK,OK,OK,OK,OK,OK,OK,OK,OK,OK,OK,OK,OK,OK,2023/12/07 08:47:18,OK,2023/12/07 08:51:53,OK,2023/12/07 08:52:16,OK,2023/12/07 09:14:19,OK,2023/12/07 09:14:55,OK
ELV036274-4223054.TXT,0221123-0172.txt,2023-12-07,2023/12/07 09:12:23,03,AB12221-603-0H-ELV036274-4223054,PAB12221-101-6A,H202310230029,PAB12221-102-6A,H202310300038,PAB12221-103-6A,H202311133024,PAB12221-201-5A,H0003715581,PAB12221-202-6A,H0003714866,PAB12221-203-7A,H0003718808,PAB12221-311-6A,H0002023112,N/O,N/O,2023/12/07 09:13:06,OK,OK,OK,OK,OK,OK,OK,OK,OK,OK,OK,OK,OK,OK,OK,OK,OK,OK,2023/12/07 09:17:33,OK,2023/12/07 09:24:15,OK,2023/12/07 09:24:37,OK,2023/12/07 09:37:12,OK,2023/12/07 09:40:16,OK
ELV036274-4223059.TXT,0221123-0173.txt,2023-12-07,2023/12/07 09:29:28,07,AB12221-603-0H-ELV036274-4223059,PAB12221-101-6A,H202310230029,PAB12221-102-6A,H202310300038,PAB12221-103-6A,H202311133024,PAB12221-201-5A,H0003715581,PAB12221-202-6A,H0003714866,PAB12221-203-7A,H0003718808,PAB12221-311-6A,H0002023112,N/O,N/O,2023/12/07 09:31:39,OK,OK,OK,OK,OK,OK,OK,OK,OK,OK,OK,OK,OK,OK,OK,OK,OK,OK,2023/12/07 09:36:47,OK,2023/12/07 09:51:14,OK,2023/12/07 09:51:36,OK,2023/12/07 10:05:45,OK,2023/12/07 10:07:09,OK
ELV036254-3823121.TXT,0221123-0174.txt,2023-12-07,2023/12/07 09:53:57,06,AB12221-603-0H-ELV036254-3823121,PAB12221-101-6A,H202310230029,PAB12221-102-6A,H202310300038,PAB12221-103-6A,H202311133024,PAB12221-201-5A,H0003715581,PAB12221-202-6A,H0003714866,PAB12221-203-7A,H0003718808,PAB12221-311-6A,H0002023112,N/O,N/O,2023/12/07 09:55:30,OK,OK,OK,OK,OK,OK,OK,OK,OK,OK,OK,OK,OK,OK,OK,OK,OK,OK,2023/12/07 10:03:36,OK,2023/12/07 10:08:20,OK,2023/12/07 10:08:42,OK,2023/12/07 10:21:36,OK,2023/12/07 10:22:50,OK
ELV036263-4023069.TXT,0221123-0175.txt,2023-12-07,2023/12/07 09:59:53,02,AB12221-603-0H-ELV036263-4023069,PAB12221-101-6A,H202310230029,PAB12221-102-6A,H202310300038,PAB12221-103-6A,H202311133024,PAB12221-201-5A,H0003715581,PAB12221-202-6A,H0003714866,PAB12221-203-7A,H0003718808,PAB12221-311-6A,H0002023112,N/O,N/O,2023/12/07 10:00:36,OK,OK,OK,OK,OK,OK,OK,OK,OK,OK,OK,OK,OK,OK,OK,OK,OK,OK,2023/12/07 10:04:15,OK,2023/12/07 10:10:23,OK,2023/12/07 10:11:56,OK,2023/12/07 10:28:19,OK,2023/12/07 10:29:46,OK
ELV036263-4023072.TXT,0221123-0176.txt,2023-12-07,2023/12/07 10:11:08,07,AB12221-603-0H-ELV036263-4023072,PAB12221-101-6A,H202310230029,PAB12221-102-6A,H202310300038,PAB12221-103-6A,H202311133024,PAB12221-201-5A,H0003715581,PAB12221-202-6A,H0003714866,PAB12221-203-7A,H0003718808,PAB12221-311-6A,H0002023112,N/O,N/O,2023/12/07 10:12:47,OK,OK,OK,OK,OK,OK,OK,OK,OK,OK,OK,OK,OK,OK,OK,OK,OK,OK,2023/12/07 10:19:13,OK,2023/12/07 10:23:15,OK,2023/12/07 10:23:38,OK,2023/12/07 10:37:10,OK,2023/12/07 10:38:05,OK
ELV036263-4023070.TXT,0221123-0177.txt,2023-12-07,2023/12/07 10:18:15,05,AB12221-603-0H-ELV036263-4023070,PAB12221-101-6A,H202310230029,PAB12221-102-6A,H202310300038,PAB12221-103-6A,H202311133024,PAB12221-201-5A,H0003715581,PAB12221-202-6A,H0003714866,PAB12221-203-7A,H0003718808,PAB12221-311-6A,H0002023112,N/O,N/O,2023/12/07 10:18:58,OK,OK,OK,OK,OK,OK,OK,OK,OK,OK,OK,OK,OK,OK,OK,OK,OK,OK,2023/12/07 10:22:39,OK,2023/12/07 10:26:47,OK,2023/12/07 10:27:10,OK,2023/12/07 10:41:41,OK,2023/12/07 10:42:11,OK
ELV036263-4023073.TXT,0221123-0178.txt,2023-12-07,2023/12/07 10:21:42,06,AB12221-603-0H-ELV036263-4023073,PAB12221-101-6A,H202310230029,PAB12221-102-6A,H202310300038,PAB12221-103-6A,H202311133024,PAB12221-201-5A,H0003715581,PAB12221-202-6A,H0003714866,PAB12221-203-7A,H0003718808,PAB12221-311-6A,H0002023112,N/O,N/O,2023/12/07 10:22:28,OK,OK,OK,OK,OK,OK,OK,OK,OK,OK,OK,OK,OK,OK,OK,OK,OK,OK,2023/12/07 10:26:32,OK,2023/12/07 10:30:59,OK,2023/12/07 10:31:22,OK,2023/12/07 10:45:29,OK,2023/12/07 10:46:20,OK
ELV036263-4023077.TXT,0221123-0179.txt,2023-12-07,2023/12/07 10:25:58,03,AB12221-603-0H-ELV036263-4023077,PAB12221-101-6A,H202310230029,PAB12221-102-6A,H202310300038,PAB12221-103-6A,H202311133024,PAB12221-201-5A,H0003715581,PAB12221-202-6A,H0003714866,PAB12221-203-7A,H0003718808,PAB12221-311-6A,H0002023112,N/O,N/O,2023/12/07 10:26:40,OK,OK,OK,OK,OK,OK,OK,OK,OK,OK,OK,OK,OK,OK,OK,OK,OK,OK,2023/12/07 10:30:15,OK,2023/12/07 10:34:41,OK,2023/12/07 10:35:04,OK,2023/12/07 10:48:00,OK,2023/12/07 10:48:47,OK
ELV036263-4023074.TXT,0221123-0180.txt,2023-12-07,2023/12/07 10:33:22,01,AB12221-603-0H-ELV036263-4023074,PAB12221-101-6A,H202310230029,PAB12221-102-6A,H202310300038,PAB12221-103-6A,H202311133024,PAB12221-201-5A,H0003715581,PAB12221-202-6A,H0003714866,PAB12221-203-7A,H0003718808,PAB12221-311-6A,H0002023112,N/O,N/O,2023/12/07 10:34:05,OK,OK,OK,OK,OK,OK,OK,OK,OK,OK,OK,OK,OK,OK,OK,OK,OK,OK,2023/12/07 10:37:59,OK,2023/12/07 10:42:24,OK,2023/12/07 10:42:47,OK,2023/12/07 10:56:57,OK,2023/12/07 10:58:15,OK
ELV036263-4023078.TXT,0221123-0181.txt,2023-12-07,2023/12/07 10:41:28,05,AB12221-603-0H-ELV036263-4023078,PAB12221-101-6A,H202310230029,PAB12221-102-6A,H202310300038,PAB12221-103-6A,H202311133024,PAB12221-201-5A,H0003715581,PAB12221-202-6A,H0003714866,PAB12221-203-7A,H0003718808,PAB12221-311-6A,H0002023112,N/O,N/O,2023/12/07 10:42:10,OK,OK,OK,OK,OK,OK,OK,OK,OK,OK,OK,OK,OK,OK,OK,OK,OK,OK,2023/12/07 10:46:03,OK,2023/12/07 10:50:16,OK,2023/12/07 10:50:39,OK,2023/12/07 11:05:16,OK,2023/12/07 11:06:14,OK
ELV036263-4023065.TXT,0221123-0182.txt,2023-12-07,2023/12/07 10:49:41,03,AB12221-603-0H-ELV036263-4023065,PAB12221-101-6A,H202310230029,PAB12221-102-6A,H202310300038,PAB12221-103-6A,H202311133024,PAB12221-201-5A,H0003715581,PAB12221-202-6A,H0003714866,PAB12221-203-7A,H0003718808,PAB12221-311-6A,H0002023112,N/O,N/O,2023/12/07 10:50:25,OK,OK,OK,OK,OK,OK,OK,OK,OK,OK,OK,OK,OK,OK,OK,OK,OK,OK,2023/12/07 10:54:19,OK,2023/12/07 10:58:47,OK,2023/12/07 10:59:10,OK,2023/12/07 11:14:41,OK,2023/12/07 11:15:42,OK
ELV036263-4023060.TXT,0221123-0183.txt,2023-12-07,2023/12/07 10:53:46,02,AB12221-603-0H-ELV036263-4023060,PAB12221-101-6A,H202310230029,PAB12221-102-6A,H202310300038,PAB12221-103-6A,H202311133024,PAB12221-201-5A,H0003715581,PAB12221-202-6A,H0003714866,PAB12221-203-7A,H0003718808,PAB12221-311-6A,H0002023112,N/O,N/O,2023/12/07 10:54:28,OK,OK,OK,OK,OK,OK,OK,OK,OK,OK,OK,OK,OK,OK,OK,OK,OK,OK,2023/12/07 11:00:36,OK,2023/12/07 11:04:35,OK,2023/12/07 11:04:57,OK,2023/12/07 11:18:55,OK,2023/12/07 11:20:12,OK
ELV036263-4023064.TXT,0221123-0184.txt,2023-12-07,2023/12/07 11:04:51,07,AB12221-603-0H-ELV036263-4023064,PAB12221-101-6A,H202310230029,PAB12221-102-6A,H202310300038,PAB12221-103-6A,H202311133024,PAB12221-201-5A,H0003715581,PAB12221-202-6A,H0003714866,PAB12221-203-7A,H0003718808,PAB12221-311-6A,H0002023112,N/O,N/O,2023/12/07 11:05:33,OK,OK,OK,OK,OK,OK,OK,OK,OK,OK,OK,OK,OK,OK,OK,OK,OK,OK,2023/12/07 11:09:06,OK,2023/12/07 11:13:24,OK,2023/12/07 11:13:46,OK,2023/12/07 11:31:33,OK,2023/12/07 11:34:34,OK
ELV036263-4023066.TXT,0221123-0185.txt,2023-12-07,2023/12/07 11:08:15,05,AB12221-603-0H-ELV036263-4023066,PAB12221-101-6A,H202310230029,PAB12221-102-6A,H202310300038,PAB12221-103-6A,H202311133024,PAB12221-201-5A,H0003715581,PAB12221-202-6A,H0003714866,PAB12221-203-7A,H0003718808,PAB12221-311-6A,H0002023112,N/O,N/O,2023/12/07 11:09:05,OK,OK,OK,OK,OK,OK,OK,OK,OK,OK,OK,OK,OK,OK,OK,OK,OK,OK,2023/12/07 11:12:52,OK,2023/12/07 11:17:22,OK,2023/12/07 11:17:45,OK,2023/12/07 11:34:34,OK,2023/12/07 11:35:04,OK
ELV036254-3823120.TXT,0221123-0186.txt,2023-12-07,2023/12/07 11:12:22,06,AB12221-603-0H-ELV036254-3823120,PAB12221-101-6A,H202310230029,PAB12221-102-6A,H202310300038,PAB12221-103-6A,H202311133024,PAB12221-201-5A,H0003715581,PAB12221-202-6A,H0003714866,PAB12221-203-7A,H0003718808,PAB12221-311-6A,H0002023112,N/O,N/O,2023/12/07 11:13:04,OK,OK,OK,OK,OK,OK,OK,OK,OK,OK,OK,OK,OK,OK,OK,OK,OK,OK,2023/12/07 11:16:41,OK,2023/12/07 11:20:54,OK,2023/12/07 11:26:38,OK,2023/12/07 11:41:42,OK,2023/12/07 11:43:39,OK
ELV036254-3823124.TXT,0221123-0187.txt,2023-12-07,2023/12/07 11:15:44,03,AB12221-603-0H-ELV036254-3823124,PAB12221-101-6A,H202310230029,PAB12221-102-6A,H202310300038,PAB12221-103-6A,H202311133024,PAB12221-201-5A,H0003715581,PAB12221-202-6A,H0003714866,PAB12221-203-7A,H0003718808,PAB12221-311-6A,H0002023112,N/O,N/O,2023/12/07 11:16:36,OK,OK,OK,OK,OK,OK,OK,OK,OK,OK,OK,OK,OK,OK,OK,OK,OK,OK,2023/12/07 11:20:56,OK,2023/12/07 11:28:28,OK,2023/12/07 11:29:35,OK,2023/12/07 11:43:39,OK,2023/12/07 11:44:11,OK
ELV036263-4023058.TXT,0221123-0188.txt,2023-12-07,2023/12/07 11:20:25,02,AB12221-603-0H-ELV036263-4023058,PAB12221-101-6A,H202310230029,PAB12221-102-6A,H202310300038,PAB12221-103-6A,H202311133024,PAB12221-201-5A,H0003715581,PAB12221-202-6A,H0003714866,PAB12221-203-7A,H0003718808,PAB12221-311-6A,H0002023112,N/O,N/O,2023/12/07 11:21:08,OK,OK,OK,OK,OK,OK,OK,OK,OK,OK,OK,OK,OK,OK,OK,OK,OK,OK,2023/12/07 11:29:30,OK,2023/12/07 11:33:55,OK,2023/12/07 11:34:18,OK,2023/12/07 11:48:46,OK,2023/12/07 12:37:53,OK
ELV036263-4023057.TXT,0221123-0189.txt,2023-12-07,2023/12/07 12:38:57,02,AB12221-603-0H-ELV036263-4023057,PAB12221-101-6A,H202310230029,PAB12221-102-6A,H202310300038,PAB12221-103-6A,H202311133024,PAB12221-201-5A,H0003715581,PAB12221-202-6A,H0003714866,PAB12221-203-7A,H0003718808,PAB12221-311-6A,H0002023112,N/O,N/O,2023/12/07 12:39:39,OK,OK,OK,OK,OK,OK,OK,OK,OK,OK,OK,OK,OK,OK,OK,OK,OK,OK,2023/12/07 12:44:44,OK,2023/12/07 12:49:09,OK,2023/12/07 12:49:32,OK,2023/12/07 13:10:21,OK,2023/12/07 13:12:11,OK
ELV036263-4023056.TXT,0221123-0190.txt,2023-12-07,2023/12/07 12:44:09,01,AB12221-603-0H-ELV036263-4023056,PAB12221-101-6A,H202310230029,PAB12221-102-6A,H202310300038,PAB12221-103-6A,H202311133024,PAB12221-201-5A,H0003715581,PAB12221-202-6A,H0003714866,PAB12221-203-7A,H0003718808,PAB12221-311-6A,H0002023112,N/O,N/O,2023/12/07 12:44:51,OK,OK,OK,OK,OK,OK,OK,OK,OK,OK,OK,OK,OK,OK,OK,OK,OK,OK,2023/12/07 12:48:33,OK,2023/12/07 12:52:59,OK,2023/12/07 12:53:22,OK,2023/12/07 13:12:11,OK,2023/12/07 13:12:55,OK
ELV036263-4023054.TXT,0221123-0191.txt,2023-12-07,2023/12/07 12:52:06,04,AB12221-603-0H-ELV036263-4023054,PAB12221-101-6A,H202310230029,PAB12221-102-6A,H202310300038,PAB12221-103-6A,H202311133024,PAB12221-201-5A,H0003715581,PAB12221-202-6A,H0003714866,PAB12221-203-7A,H0003718808,PAB12221-311-6A,H0002023112,N/O,N/O,2023/12/07 12:52:48,OK,OK,OK,OK,OK,OK,OK,OK,OK,OK,OK,OK,OK,OK,OK,OK,OK,OK,2023/12/07 12:57:23,OK,2023/12/07 13:01:46,OK,2023/12/07 13:02:09,OK,2023/12/07 13:30:59,OK,2023/12/07 13:33:51,OK
ELV036263-4023067.TXT,0221123-0192.txt,2023-12-07,2023/12/07 13:13:27,02,AB12221-603-0H-ELV036263-4023067,PAB12221-101-6A,H202310230029,PAB12221-102-6A,H202310300038,PAB12221-103-6A,H202311133024,PAB12221-201-5A,H0003715581,PAB12221-202-6A,H0003714866,PAB12221-203-7A,H0003718808,PAB12221-311-6A,H0002023112,N/O,N/O,2023/12/07 13:14:09,OK,OK,OK,OK,OK,OK,OK,OK,OK,OK,OK,OK,OK,OK,OK,OK,OK,OK,2023/12/07 13:18:30,OK,2023/12/07 13:22:38,OK,2023/12/07 13:22:59,OK,2023/12/07 13:44:05,OK,2023/12/07 13:46:36,OK
ELV036071-2723033.TXT,11111111111111111.txt,2023-10-17,2023/10/13 10:49:08,08,AB12221-602-0D-ELV036071-2723033,PAB12221-101-3A,H202306070023,PAB12221-102-3A,H202303300028,PAB12221-103-3A,H202305050034,PAB12221-201-3A,H202305170014,PAB12221-202-3A,H202305170015,PAB12221-203-3A,H202305170016,PAB12221-311-3A,HN23001-002,N/O,N/O,2023/10/13 11:39:00,OK,OK,OK,OK,OK,OK,OK,OK,OK,OK,OK,OK,OK,OK,OK,OK,OK,OK,2023/10/13 12:17:40,OK,2023/10/13 12:19:17,OK,2023/10/13 12:19:37,OK,2023/10/13 15:01:41,OK,2023/10/13 15:02:51,OK
ELV036254-3823076.TXT,3591185-4152.txt,2023-10-26,2023/10/25 09:28:56,02,AB12221-603-0H-ELV036254-3823076,PAB12221-101-3A,H202306070023,PAB12221-102-3A,H202303300028,PAB12221-103-3A,H202305050034,PAB12221-201-3A,H202305170014,PAB12221-202-3A,H202305170015,PAB12221-203-3A,H202305170016,PAB12221-311-3A,HN23001-002,N/O,N/O,2023/10/25 09:29:37,OK,OK,OK,OK,OK,OK,OK,OK,OK,OK,OK,OK,OK,OK,OK,OK,OK,OK,2023/10/25 10:04:36,OK,2023/10/25 10:06:14,OK,2023/10/25 10:06:35,OK,2023/10/25 10:44:34,OK,2023/10/25 10:49:15,OK
ELV036254-3823075.TXT,3591185-4155.txt,2023-10-26,2023/10/25 10:08:16,08,AB12221-603-0H-ELV036254-3823075,PAB12221-101-3A,H202306070023,PAB12221-102-3A,H202303300028,PAB12221-103-3A,H202305050034,PAB12221-201-3A,H202305170014,PAB12221-202-3A,H202305170015,PAB12221-203-3A,H202305170016,PAB12221-311-3A,HN23001-002,N/O,N/O,2023/10/25 10:08:58,OK,OK,OK,OK,OK,OK,OK,OK,OK,OK,OK,OK,OK,OK,OK,OK,OK,OK,2023/10/25 10:17:59,OK,2023/10/25 10:20:36,OK,2023/10/25 10:20:58,OK,2023/10/25 11:20:16,OK,2023/10/25 11:20:50,OK
ELV036254-3823049.TXT,3591185-4174.txt,2023-11-20,2023/11/20 10:55:00,01,AB12221-603-0H-ELV036254-3823049,PAB12221-101-3A,H202306070023,PAB12221-102-3A,H202303300028,PAB12221-103-3A,H202305050034,PAB12221-201-3A,H202305170014,PAB12221-202-3A,H202305170015,PAB12221-203-3A,H202305170016,PAB12221-311-3A,HN23001-002,N/O,N/O,2023/11/20 10:55:42,OK,OK,OK,OK,OK,OK,OK,OK,OK,OK,OK,OK,OK,OK,OK,OK,OK,OK,2023/11/20 11:10:51,OK,2023/11/20 11:14:09,OK,2023/11/20 11:14:31,OK,2023/11/20 12:40:30,OK,2023/11/20 12:40:59,NOK
ELV000000-0000032.TXT,3591185-4191.txt,2023-11-21,2023/11/21 14:32:49,04,AB12221-603-OH-ELV000000-0000032,PAB12221-101-3A,H202310230019,PAB12221-102-3A,H202303300028,PAB12221-103-3A,H202305050034,PAB12221-201-3A,H202305170014,PAB12221-202-3A,H202305170015,PAB12221-203-3A,H202305170016,PAB12221-311-3A,HN23001-002,N/O,N/O,2023/11/21 14:33:32,OK,OK,OK,OK,OK,OK,OK,OK,OK,OK,OK,OK,OK,OK,OK,OK,OK,OK,2023/11/21 14:36:59,OK,2023/11/21 14:41:47,OK,2023/11/21 14:42:10,OK,2023/11/21 14:58:49,OK,2023/11/21 15:00:32,OK
ELV000000-0000033.TXT,3591185-4192.txt,2023-11-21,2023/11/21 14:35:42,06,AB12221-603-OH-ELV000000-0000033,PAB12221-101-3A,H202310230019,PAB12221-102-3A,H202303300028,PAB12221-103-3A,H202305050034,PAB12221-201-3A,H202305170014,PAB12221-202-3A,H202305170015,PAB12221-203-3A,H202305170016,PAB12221-311-3A,HN23001-002,N/O,N/O,2023/11/21 14:37:03,OK,OK,OK,OK,OK,OK,OK,OK,OK,OK,OK,OK,OK,OK,OK,OK,OK,OK,2023/11/21 14:40:26,OK,2023/11/21 14:44:51,OK,2023/11/21 14:45:13,OK,2023/11/21 15:03:02,OK,2023/11/21 15:03:58,OK
ELV036254-3823012.TXT,ELV036254-3823012.txt,2023-10-19,2023/10/19 16:47:23,08,AB12221-603-0H-ELV036254-3823012,PAB12221-101-3A,H202306070023,PAB12221-102-3A,H202303300028,PAB12221-103-3A,H202305050034,PAB12221-201-3A,H202305170014,PAB12221-202-3A,H202305170015,PAB12221-203-3A,H202305170016,PAB12221-311-3A,HN23001-002,N/O,N/O,2023/10/19 16:48:06,OK,OK,OK,OK,OK,OK,OK,OK,OK,OK,OK,OK,OK,OK,OK,OK,OK,OK,2023/10/19 16:53:21,OK,2023/10/19 16:55:01,OK,2023/10/19 16:55:31,OK,2023/10/19 17:05:21,OK,yyyy:mm:dd hh:mm:ss,OK
